1,Rancho Santa Fe,CA
2,Hanover,MD
3,Vancouver,WA
4,Kansas City,MO
5,Huntingdon,PA
6,Perry,GA
7,San Francisco,CA
8,Vineland,NJ
9,Oxon Hill,MD
10,San Diego,CA
11,Des Plaines,IL
12,Kissimmee,FL
13,Chicago,IL
14,Boston,MA
15,New Orleans,LA
16,Las Vegas,NV
17,Miami Beach,FL
18,New York,NY
19,Honolulu,HI
20,Miami,FL
21,Los Angeles,CA
22,Beverly Hills,CA
23,Coronado,CA
24,Philadelphia,PA
25,Napa,CA
26,Dallas,TX
27,Key West,FL
28,Seattle,WA
29,Phoenix,AZ
30,Atlanta,GA
31,Anaheim,CA
32,Atlantic City,NJ
33,La Jolla,CA
34,Orlando,FL
35,Concord,NH
36,Shelbyville,MI
37,Woodbridge,VA
38,Durham,NC
39,Orange,CA
40,Colorado Springs,CO
41,Hawthorne,CA
42,Henderson,KY
43,Fort Worth,TX
44,San Antonio,TX
45,Danville,PA
46,Sedona,AZ
47,Acworth,GA
48,Dodge City,KS
49,Baton Rouge,LA
50,Flagstaff,AZ
51,New Castle,DE
52,Cherokee,NC
53,Coeur d'Alene,ID
54,Middletown,RI
55,Frisco,CO
56,Arkansas City,KS
57,Winfield,KS
58,Dover,DE
59,Gardner,MA
60,Ankeny,IA
61,Brighton,CO
62,Hilo,HI
63,North Las Vegas,NV
64,Alpharetta,GA
65,East Tawas,MI
66,Northwood,IA
67,Bloomingdale,IL
68,Portland,ME
69,Rockford,IL
70,Austin,TX
71,Rancho Cucamonga,CA
72,Auburn,WA
73,Biddeford,ME
74,Granbury,TX
75,Williamsburg,VA
76,Aurora,OH
77,Pico Rivera,CA
78,Rosemead,CA
79,El Segundo,CA
80,Dublin,OH
81,Sausalito,CA
82,Indianapolis,IN
83,Brookings,OR
84,Pasadena,CA
85,San Luis Obispo,CA
86,Palm Springs,CA
87,Lake Forest,CA
88,Valencia,CA
89,Buena Park,CA
90,Barstow,CA
91,Morro Bay,CA
92,Cleveland,OH
93,Ashburn,GA
94,Lithonia,GA
95,Columbus,OH
96,Clermont,FL
97,Hollywood,FL
98,Brooksville,FL
99,Hialeah,FL
100,Jacksonville,FL
101,Clearwater,FL
102,Bradenton,FL
103,Daytona Beach,FL
104,Cocoa Beach,FL
105,Clearwater Beach,FL
106,Cape Coral,FL
107,Lake Placid,FL
108,Old Orchard Beach,ME
109,Saco,ME
110,Russell,KS
111,Waldorf,MD
112,Cedar Rapids,IA
113,Altoona,IA
114,Charlotte,NC
115,Calistoga,CA
116,Fairbanks,AK
117,Anchorage,AK
118,Bentonville,AR
119,Kingman,AZ
120,Clarksville,TN
121,Athens,GA
122,Gatlinburg,TN
123,Beckley,WV
124,Jane Lew,WV
125,Coshocton,OH
126,Elkhorn,WI
127,Fond du Lac,WI
128,Appleton,WI
129,Bend,OR
130,Janesville,WI
131,Grants Pass,OR
132,Chantilly,VA
133,El Paso,TX
134,Springfield,VA
135,Tualatin,OR
136,Forest Grove,OR
137,Corvallis,OR
138,Corsicana,TX
139,Corpus Christi,TX
140,Grand Prairie,TX
141,Amarillo,TX
142,Panhandle,TX
143,Elkton,MD
144,Morrisville,PA
145,Abingdon,VA
146,Bethlehem,PA
147,Erie,PA
148,Carlisle,PA
149,Clearfield,PA
150,King of Prussia,PA
151,Markleysburg,PA
152,Montgomeryville,PA
153,West Chester,PA
154,Bradford,PA
155,Washington,PA
156,Benton,PA
157,Allentown,PA
158,North Wales,PA
159,Milwaukee,WI
160,Elkhart,IN
161,East Dover,VT
162,Elgin,IL
163,Westbury,NY
164,Mattituck,NY
165,Tomah,WI
166,Santa Fe,NM
167,Asheboro,NC
168,Bowling Green,KY
169,Harker Heights,TX
170,Florence,SC
171,Greenville,SC
172,Fenton,MO
173,Butte,MT
174,Chalmette,LA
175,Kenyon,MN
176,Lancaster,CA
177,Monticello,MN
178,Albert Lea,MN
179,Peoria,IL
180,DeKalb,IL
181,Collinsville,IL
182,Woodstock,IL
183,Bolingbrook,IL
184,Cary,NC
185,Schiller Park,IL
186,Franklin,TN
187,Bettendorf,IA
188,Bainbridge Island,WA
189,Walla Walla,WA
190,Heyburn,ID
191,Bear,DE
192,Pensacola,FL
193,Cortez,CO
194,Orange City,FL
195,DeLand,FL
196,Fort Walton Beach,FL
197,Homosassa,FL
198,Brandon,FL
199,Palm Beach,FL
200,Mulberry,FL
201,Avon Park,FL
202,Guilford,CT
203,Ca√±on City,CO
204,Fullerton,CA
205,Fontana,CA
206,Eureka,CA
207,El Centro,CA
208,Culver City,CA
209,Rialto,CA
210,Long Beach,CA
211,Berkeley,CA
212,Atascadero,CA
213,Pismo Beach,CA
214,Monterey Park,CA
215,Monrovia,CA
216,Glendale,CA
217,Huntington Beach,CA
218,Scottsdale,AZ
219,Saint Louis,MO
220,Palestine,TX
221,Sutter Creek,CA
222,Corrales,NM
223,Park City,UT
224,Elko,NV
225,Cambridge,MA
226,Madison,WI
227,Gloucester,MA
228,Brookline,MA
229,Peabody,MA
230,Littleton,MA
231,Beverly,MA
232,West Springfield,MA
233,Everett,WA
234,Aiken,SC
235,Delavan,WI
236,Baraboo,WI
237,Arlington,TX
238,Omaha,NE
239,Hackettstown,NJ
240,Rahway,NJ
241,New Providence,NJ
242,Medina,OH
243,Somerset,NJ
244,Broken Arrow,OK
245,Elk City,OK
246,Broken Bow,OK
247,Dunn,NC
248,Chimney Rock,NC
249,Asheville,NC
250,Newaygo,MI
251,Cassville,WI
252,Summerville,SC
253,Marietta,OH
254,Rolla,MO
255,Norcross,GA
256,Independence,KS
257,Sacramento,CA
258,Newport News,VA
259,Deming,NM
260,Clinton,OK
261,Dayton,OH
262,Brooklyn,NY
263,Fayetteville,NC
264,Corbin,KY
265,Louisville,KY
266,Medford,OR
267,Solvang,CA
268,Newburyport,MA
269,Houston,TX
270,Silver Spring,MD
271,Glenview,IL
272,Glen Burnie,MD
273,Gladstone,OR
274,Reynoldsburg,OH
275,Linthicum Heights,MD
276,Farmington,NM
277,Los Alamos,CA
278,Marina,CA
279,Davenport,FL
280,New Philadelphia,OH
281,Hampton,VA
282,Chincoteague Island,VA
283,Myrtle Beach,SC
284,Southfield,MI
285,Tyler,TX
286,Edgartown,MA
287,Lahaina,HI
288,Virginia Beach,VA
289,Lincoln,NE
290,Baltimore,MD
291,Sarasota,FL
292,Byron Center,MI
293,Grand Rapids,MI
294,Warner Robins,GA
295,Lockport,NY
296,Carmel Valley,CA
297,Benton Harbor,MI
298,Cape May,NJ
299,Golden,CO
300,Raynham,MA
301,Winchester,VA
302,Desert Hot Springs,CA
303,Oshkosh,WI
304,Richardson,TX
305,Union City,CA
306,Plainview,NY
307,Longboat Key,FL
308,Charleston,SC
309,Santa Barbara,CA
310,South Lake Tahoe,CA
311,Anderson,SC
312,Montgomery,TX
313,Denver,CO
314,Deerfield,IL
315,Suffolk,VA
316,Nashville,TN
317,Tracy,CA
318,Sunnyvale,CA
319,Sioux Falls,SD
320,Santa Rosa,CA
321,South Haven,MI
322,Port Richey,FL
323,Vallejo,CA
324,Edison,NJ
325,Wilmington,NC
326,Panama City Beach,FL
327,Harrisburg,PA
328,Sevierville,TN
329,West Branch,MI
330,San Marcos,TX
331,Beaverton,OR
332,Fresno,CA
333,Newark,DE
334,Welches,OR
335,Mesa,AZ
336,Charlottesville,VA
337,Conroe,TX
338,Whippany,NJ
339,Chapel Hill,NC
340,Albuquerque,NM
341,Lake Elsinore,CA
342,West Middlesex,PA
343,Alexandria,VA
344,Jackson,TN
345,Temecula,CA
346,McMinnville,OR
347,Westfield,NJ
348,Boulder,CO
349,San Jose,CA
350,Tampa,FL
351,Jupiter,FL
352,Norfolk,VA
353,Naples,FL
354,Key Biscayne,FL
355,Port Aransas,TX
356,Dunedin,FL
357,Laguna Beach,CA
358,Kalamazoo,MI
359,Lawton,OK
360,Slate Run,PA
361,McAlester,OK
362,Ardmore,OK
363,Edmond,OK
364,Mill Hall,PA
365,Tidioute,PA
366,Duncansville,PA
367,Saint Marys,PA
368,Pittsburgh,PA
369,Indiana,PA
370,Sulphur,LA
371,Carrollton,KY
372,Portsmouth,OH
373,Wilburton,OK
374,Easton,MD
375,Schellsburg,PA
376,Texarkana,TX
377,Freer,TX
378,Iraan,TX
379,Center,TX
380,Cisco,TX
381,Canyon,TX
382,Ballinger,TX
383,Brookeland,TX
384,Lufkin,TX
385,New Braunfels,TX
386,Abilene,TX
387,Waco,TX
388,Laredo,TX
389,Palo Alto,CA
390,Olympia,WA
391,Elizabeth,NJ
392,Fairfield,CA
393,Marana,AZ
394,Lanham,MD
395,Secaucus,NJ
396,Sanibel,FL
397,Columbia,MD
398,Denton,TX
399,White Haven,PA
400,Woburn,MA
401,Kennesaw,GA
402,Kelleys Island,OH
403,Hyattsville,MD
404,Exmore,VA
405,Prince Frederick,MD
406,Lincolnton,NC
407,Wytheville,VA
408,Eureka Springs,AR
409,Tulsa,OK
410,Madras,OR
411,Newington,CT
412,Bloomfield,NM
413,Fruitland,MD
414,Yachats,OR
415,Indio,CA
416,Bloomington,IN
417,Pineville,NC
418,Sikeston,MO
419,Emerald Isle,NC
420,Alton,IL
421,Plano,TX
422,Windsor,CA
423,Yountville,CA
424,Dubois,WY
425,Cheyenne,WY
426,Newcastle,WY
427,Santee,SC
428,Rawlins,WY
429,Gillette,WY
430,Walterboro,SC
431,Spartanburg,SC
432,Hartsville,SC
433,Clemson,SC
434,Orangeburg,SC
435,Fort Covington,NY
436,East Springfield,NY
437,Dunkirk,NY
438,Watertown,NY
439,Blackwell,OK
440,Boise City,OK
441,Shawnee,OK
442,San Patricio,NM
443,Red River,NM
444,Marshall,TX
445,Fort Lauderdale,FL
446,Harrison,NJ
447,Wisconsin Dells,WI
448,Rohnert Park,CA
449,Savannah,GA
450,Oklahoma City,OK
451,Kimberling City,MO
452,Gretna,LA
453,Wauchula,FL
454,Okeechobee,FL
455,Lake Mary,FL
456,West Palm Beach,FL
457,Fort Myers,FL
458,Lakeland,FL
459,Mercer,PA
460,Fremont,OH
461,Avalon,NJ
462,Silverdale,WA
463,Kings Beach,CA
464,Tacoma,WA
465,Phoenixville,PA
466,Sugar Land,TX
467,Buford,GA
468,Niagara Falls,NY
469,Camarillo,CA
470,Port Arthur,TX
471,Lafayette,LA
472,Lake Charles,LA
473,Boise,ID
474,Ashland,VA
475,Richmond,VA
476,Mount Airy,NC
477,Kingsport,TN
478,Titusville,FL
479,Tallahassee,FL
480,East Syracuse,NY
481,Lexington,MI
482,Manistee,MI
483,Indian River,MI
484,Copper Harbor,MI
485,Marquette,MI
486,Bar Harbor,ME
487,Port Clyde,ME
488,Ainsworth,NE
489,Grand Island,NE
490,Mattoon,IL
491,Pinckneyville,IL
492,Paxton,IL
493,Macomb,IL
494,Rantoul,IL
495,East Peoria,IL
496,Urbana,IL
497,Ruston,LA
498,Pebble Beach,CA
499,Plymouth Meeting,PA
500,Burnet,TX
501,Loup City,NE
502,Chadron,NE
503,Pocomoke City,MD
504,Moultonborough,NH
505,Twin Mountain,NH
506,Grand Forks,ND
507,Ithaca,NY
508,Andover,MA
509,Wichita Falls,TX
510,Nacogdoches,TX
511,Brookshire,TX
512,Brownsville,TN
513,Cosby,TN
514,Mount Pleasant,TN
515,Cornersville,TN
516,Lewisburg,TN
517,Knoxville,TN
518,Danbury,CT
519,Hudson,WI
520,Evansville,IN
521,Raton,NM
522,Estes Park,CO
523,Avon,CO
524,Algoma,WI
525,Thorp,WI
526,Montello,WI
527,Joliet,IL
528,Minooka,IL
529,Peru,IL
530,Freeport,IL
531,Pigeon Forge,TN
532,Murray,KY
533,Dickson,TN
534,Goodlettsville,TN
535,Johnson City,TN
536,Rensselaer,IN
537,Ames,IA
538,Irving,TX
539,Annapolis,MD
540,Monterey,CA
541,Carpinteria,CA
542,Ojai,CA
543,Savanna,IL
544,Braidwood,IL
545,Bourbonnais,IL
546,Lansing,MI
547,Niceville,FL
548,Punta Gorda,FL
549,West Hollywood,CA
550,Westport,CT
551,Guerneville,CA
552,Lavonia,GA
553,Koloa,HI
554,Bordentown,NJ
555,Fairfax,VA
556,Blacksburg,VA
557,Ludlow,VT
558,Katy,TX
559,Ann Arbor,MI
560,Suitland,MD
561,Augusta,GA
562,Kalispell,MT
563,Helena,MT
564,San Ramon,CA
565,Duluth,GA
566,Minneapolis,MN
567,Youngstown,OH
568,Inglewood,CA
569,Elk Grove Village,IL
570,Elkridge,MD
571,Kearney,NE
572,Pleasanton,CA
573,Ruidoso,NM
574,Belfast,ME
575,Bedford,PA
576,Midlothian,VA
577,Luray,VA
578,Richford,VT
579,Ripton,VT
580,Canton,TX
581,Garden Grove,CA
582,Kings Mountain,NC
583,Tarzana,CA
584,Rockland,ME
585,Hermann,MO
586,Somers Point,NJ
587,New Hope,PA
588,Paso Robles,CA
589,Brentwood,CA
590,Norwalk,CT
591,Windham,NY
592,Jefferson City,MO
593,Simpsonville,SC
594,Little Rock,AR
595,Crested Butte,CO
596,Fredericksburg,TX
597,Vail,CO
598,New Albany,OH
599,Nashua,NH
600,Morgantown,WV
601,Lone Tree,CO
602,Ukiah,CA
603,Redding,CA
604,Safford,AZ
605,Yuma,AZ
606,Prescott,AZ
607,Vicksburg,MS
608,LaGrange,GA
609,Elkins,WV
610,Colchester,VT
611,Monroe,LA
612,Tullahoma,TN
613,Wallace,ID
614,Yellow Springs,OH
615,Cincinnati,OH
616,Falmouth,MA
617,West Des Moines,IA
618,Fairview Heights,IL
619,DuPont,WA
620,Bossier City,LA
621,Kittery,ME
622,Hilliard,OH
623,Mesquite,NV
624,Laughlin,NV
625,Kankakee,IL
626,Santa Monica,CA
627,Tupelo,MS
628,Van Buren,AR
629,Portage,WI
630,Niantic,CT
631,Weatherford,OK
632,Marysville,WA
633,Basalt,CO
634,Isle of Palms,SC
635,Fort Wayne,IN
636,Troy,OH
637,Eugene,OR
638,Horseheads,NY
639,Gainesville,FL
640,Akron,OH
641,Dickinson,ND
642,Manitou Springs,CO
643,Grand Lake,CO
644,Ontario,OR
645,Silverton,CO
646,Idaho Falls,ID
647,Pullman,WA
648,Grand Junction,CO
649,Meredith,NH
650,Winnfield,LA
651,Nephi,UT
652,Yuba City,CA
653,Spearfish,SD
654,Hadley,MA
655,Doswell,VA
656,Newport,TN
657,Chattanooga,TN
658,Fairhaven,MA
659,Milford,CT
660,Marinette,WI
661,Holland,MI
662,Carmel,IN
663,Faribault,MN
664,Ellis,KS
665,Moosic,PA
666,Cabazon,CA
667,Detroit,MI
668,Herndon,VA
669,Pittsburg,KS
670,Wapakoneta,OH
671,Galax,VA
672,Bristol,VA
673,Lebanon,KY
674,Mancos,CO
675,Limon,CO
676,Norwood,CO
677,Fort Morgan,CO
678,Forsyth,IL
679,Sylva,NC
680,Vinton,LA
681,Williams,AZ
682,Port Allegany,PA
683,Jonesboro,AR
684,Redmond,OR
685,Leesburg,VA
686,Lodi,WI
687,Poplar Bluff,MO
688,Jonesville,NC
689,Cannon Beach,OR
690,Buffalo,NY
691,Tupper Lake,NY
692,Mount Tremper,NY
693,Salem,OR
694,Broomfield,CO
695,Bow,NH
696,Lubbock,TX
697,Des Moines,IA
698,Helen,GA
699,North Dartmouth,MA
700,Shamrock,TX
701,Haverhill,MA
702,McDonough,GA
703,Post Falls,ID
704,Hilton Head Island,SC
705,Highlands,NC
706,Kingsland,GA
707,Blue Mountain Lake,NY
708,Old Forge,NY
709,Pryor,OK
710,Ocean Shores,WA
711,York,PA
712,Harrisville,PA
713,Bass Harbor,ME
714,Chebeague Island,ME
715,Moses Lake,WA
716,Lincoln City,OR
717,Oceanside,CA
718,Greeley,CO
719,Midland,TX
720,Odessa,TX
721,Tilton,NH
722,Sandston,VA
723,Killington,VT
724,Londonderry,VT
725,Chesapeake,VA
726,Wilbraham,MA
727,Martinsburg,WV
728,Nottingham,MD
729,Latta,SC
730,Jamaica,NY
731,Watkins Glen,NY
732,Pittston,PA
733,Horn Lake,MS
734,Smyrna,GA
735,Raleigh,NC
736,Scranton,PA
737,Pecos,TX
738,Port Royal,SC
739,Hardeeville,SC
740,Big Spring,TX
741,Deer Park,TX
742,Tucson,AZ
743,Chandler,AZ
744,Pinetop,AZ
745,Juneau,AK
746,Oxford,MS
747,Manhattan,KS
748,Ogallala,NE
749,Kenai,AK
750,Summersville,WV
751,Gaffney,SC
752,Claremont,NH
753,Sidney,MT
754,Lewiston,ID
755,Wichita,KS
756,Petoskey,MI
757,Fort Collins,CO
758,Crestview,FL
759,Twentynine Palms,CA
760,Prosser,WA
761,Friday Harbor,WA
762,Onalaska,WI
763,Hugoton,KS
764,Hays,KS
765,Benkelman,NE
766,Sioux City,IA
767,International Falls,MN
768,Moose Lake,MN
769,Rush City,MN
770,Hartwell,GA
771,Thomson,GA
772,Saint Cloud,MN
773,Milledgeville,GA
774,Terre Haute,IN
775,Baileys Harbor,WI
776,Roanoke,VA
777,Duncan,SC
778,Forney,TX
779,Monroeville,PA
780,Coal Center,PA
781,Conrad,MT
782,Bozeman,MT
783,Missoula,MT
784,Billings,MT
785,Hall,MT
786,Dillon,MT
787,Miles City,MT
788,Ellendale,ND
789,West Fargo,ND
790,Minot,ND
791,Fargo,ND
792,Kaktovik,AK
793,Worland,WY
794,Greybull,WY
795,Douglas,WY
796,Greenville Junction,ME
797,Beaver,WV
798,Cotulla,TX
799,Ashton,ID
800,Red Oak,TX
801,Burleson,TX
802,Alvarado,TX
803,Grove City,OH
804,Defiance,OH
805,Weedsport,NY
806,Union Dale,PA
807,Ogunquit,ME
808,Sister Bay,WI
809,Charlevoix,MI
810,Saginaw,MI
811,Morristown,TN
812,Normal,IL
813,Coralville,IA
814,Spokane,WA
815,Milton,FL
816,Ramsey,NJ
817,Rocky Mount,NC
818,Reading,PA
819,Cooperstown,NY
820,Chillicothe,OH
821,Mukilteo,WA
822,Willits,CA
823,Ridgecrest,CA
824,Milesburg,PA
825,Beebe,AR
826,Montvale,NJ
827,Wheelersburg,OH
828,Williamsport,MD
829,Eastsound,WA
830,Radford,VA
831,Oakland,CA
832,Celina,OH
833,Mason,OH
834,Galena,IL
835,Corydon,IN
836,Gardena,CA
837,Oakley,KS
838,Elsah,IL
839,Platte City,MO
840,Paola,KS
841,Boone,IA
842,Flint,MI
843,Indianola,IA
844,Thomaston,GA
845,Macon,GA
846,Riverside,MO
847,Miramar Beach,FL
848,Goldendale,WA
849,Sequim,WA
850,Costa Mesa,CA
851,Lawrence,KS
852,Salina,KS
853,Evans,CO
854,Princeton,IL
855,Olathe,KS
856,Tarpon Springs,FL
857,Birchwood,WI
858,Bremen,GA
859,Topping,VA
860,Fishersville,VA
861,Lynchburg,VA
862,Cedar City,UT
863,Enterprise,OR
864,Moro,OR
865,Lakeview,OR
866,Republic,WA
867,Bolton Landing,NY
868,Decatur,IN
869,Bardstown,KY
870,Coalinga,CA
871,Red Bluff,CA
872,Grand Haven,MI
873,Mackinaw City,MI
874,Southaven,MS
875,Sierra Vista,AZ
876,Mountain Home,AR
877,Vienna,VA
878,Erlanger,KY
879,Tokeland,WA
880,Freehold,NJ
881,Saint Ignace,MI
882,Superior,WI
883,Cooper Landing,AK
884,Vista,CA
885,Henrietta,NY
886,Chama,NM
887,Speculator,NY
888,La Conner,WA
889,Downsville,NY
890,Captiva,FL
891,Federal Way,WA
892,Mount Arlington,NJ
893,Beachwood,OH
894,Salisbury,NC
895,Waterville Valley,NH
896,Heber,AZ
897,Williston,ND
898,Pueblo,CO
899,South Bend,IN
900,Culver,IN
901,Truro,MA
902,Cass,WV
903,Big Bear City,CA
904,Fort Davis,TX
905,Folly Beach,SC
906,Austinburg,OH
907,Grand Coulee,WA
908,Blythe,CA
909,Middlefield,CT
910,Red Feather Lakes,CO
911,Osawatomie,KS
912,Westmont,IL
913,Wickenburg,AZ
914,Seward,NE
915,Lake George,NY
916,Mansfield,OH
917,Findlay,OH
918,Mount Vernon,MO
919,Marble Falls,TX
920,Victor,NY
921,Rochester,NY
922,Creedmoor,NC
923,Eau Claire,WI
924,Great Falls,MT
925,Lesterville,MO
926,Bonne Terre,MO
927,Destin,FL
928,Emmetsburg,IA
929,Morrilton,AR
930,Springdale,AR
931,Hope,AR
932,Port Allen,LA
933,Munising,MI
934,North Platte,NE
935,Davis,OK
936,Puyallup,WA
937,Searcy,AR
938,Russellville,AR
939,Renton,WA
940,Muskegon,MI
941,Oldsmar,FL
942,Fostoria,OH
943,Canal Winchester,OH
944,Dover Plains,NY
945,Prairie du Chien,WI
946,Waltham,MA
947,Bradenton Beach,FL
948,Granby,MA
949,Brownsburg,IN
950,Clear Lake,IA
951,Birdsboro,PA
952,DeRidder,LA
953,Crawfordsville,IN
954,Tavares,FL
955,Pendleton,OR
956,Rufus,OR
957,Klamath Falls,OR
958,Wall,SD
959,Yakutat,AK
960,Killdeer,ND
961,Traverse City,MI
962,West Memphis,AR
963,Albany,NY
964,Lanesboro,MN
965,Lyndon,VT
966,Center Rutland,VT
967,Dalhart,TX
968,Balmorhea,TX
969,Panguitch,UT
970,Pasco,WA
971,Lavallette,NJ
972,Ormond Beach,FL
973,Prairieville,LA
974,Verona,NY
975,Edgewater,FL
976,Lewes,DE
977,Kenedy,TX
978,Cooksburg,PA
979,White House,TN
980,Pittsfield,MA
981,Houma,LA
982,Captain Cook,HI
983,Black River Falls,WI
984,Rhinelander,WI
985,Sheboygan,WI
986,Vandalia,OH
987,Random Lake,WI
988,Kiowa,KS
989,Shell,WY
990,Escanaba,MI
991,Ironwood,MI
992,Webster,TX
993,Panama City,FL
994,Cave City,KY
995,Horse Cave,KY
996,Corning,AR
997,Bridgeport,MI
998,Tybee Island,GA
999,McAllen,TX
1000,Frankenmuth,MI
1001,Kƒ´hei,HI
1002,Airway Heights,WA
1003,Mamaroneck,NY
1004,Logan,UT
1005,Cartersville,GA
1006,Beaver Island,MI
1007,Tolleson,AZ
1008,Richland,WA
1009,Trinidad,CO
1010,Marlborough,MA
1011,Escalante,UT
1012,Ronks,PA
1013,Franconia,NH
1014,Brewster,MA
1015,Herkimer,NY
1016,Perrysburg,OH
1017,Pinedale,WY
1018,Blaine,WA
1019,El Cajon,CA
1020,Rockaway Beach,OR
1021,East Sandwich,MA