hotelID,cityID,name
AVwc252WIN2L1WUfpqLP,1,Rancho Valencia Resort Spa
AVwdOclqIN2L1WUfti38,2,Aloft Arundel Mills
AVwePiAX_7pvs4fzBSAl,3,Hampton Inn Suites PortlandVancouver
AVwdUKE3_7pvs4fz4lE-,4,Hotel Phillips
AVweQyWNkufWRAb5BZeg,5,The Inn at Solvang
AVweQDZpIN2L1WUf3TA9,6,Econolodge
AVwdQ0dy_7pvs4fz4BqX,7,Hotel Zelos
AVwdKLPU_7pvs4fz23YA,8,EconoLodge
AWE7dKHFIxWefVJwyLgA,9,Hampton Inn Suites National HarborAlexandria Area
AVwcfFGw_7pvs4fzvk4S,10,Fairmont Grand Del Mar
AVwdbM6R_7pvs4fz5wdc,11,Best Western at OHare
AVwemBCCkufWRAb5EZCs,12,Clarion Resort Waterpark
AWE2CYSsIxWefVJwyDrn,13,Virgin Hotels Chicago
AV-TGsFqRxPSIh2RmVF-,14,The Boxer
AVwct7BzIN2L1WUfoHaP,15,The Old No. 77 Hotel & Chandlery
AWKpI38Q3-Khe5l_hxUR,16,Main Street Station Casino Brewery Hotel
AWKlQWNQa4HuVbedPUSi,16,Fremont Hotel & Casino
AVzX1GbfFcQ3k02bB73-,14,The Charlesmark Hotel
AWEhoizBa4HuVbedNJo_,14,AC Hotel by Marriott Boston Downtown
AV-TGwqGIxWefVJwr5Ji,17,The Hotel of South Beach
AV3O9oECIxWefVJwjraT,18,The Pearl Hotel
AWNSHai33-Khe5l_ifzh,19,Hotel Renew
AWE7h8u53-Khe5l_f4mi,18,Four Seasons Hotel New York Downtown
AV1eTXQF3-Khe5l_NF6Q,18,The James New York ‚Äì NoMad
AWE7h7Cta4HuVbedNeQt,15,MOXY New Orleans Downtown/French Quarter Area
AWE2E2OG3-Khe5l_fwmT,15,Bienville House
AWKpYhaja4HuVbedPVes,17,Room Mate Lord Balfour
AWKkrZYpa4HuVbedPT1I,16,The Westin Las Vegas Hotel & Spa
AVzOLyE1FcQ3k02bBr9S,18,The Broome
AWE2BgHcIxWefVJwyDYU,14,W Boston
AVzX37zs-gnIPe8DTHi5,20,"Mandarin Oriental, Miami"
AVzYkxFXFcQ3k02bCKjD,14,"The Ritz-Carlton, Boston"
AV-TGuWBa4HuVbedGcJK,18,The St. Regis New York
AWKr8UBHa4HuVbedPWl2,21,Miyako Hotel Los Angeles
AWKuEeWka4HuVbedPXff,13,AC Hotel Chicago Downtown
AWE7he303-Khe5l_f4kC,13,Ace Hotel Chicago
AWEw3H-UIxWefVJwyAZ0,13,dana hotel and spa
AV-TGwK3IxWefVJwr5IJ,13,Kinzie Hotel
AWUPNmq6IxWefVJw3c71,13,Moxy Chicago Downtown
AWE1_Z8-RxPSIh2Rsaks,22,Montage Beverly Hills
AWKoW_tYa4HuVbedPVUg,7,Hotel Zetta San Francisco
AVwdslPrIN2L1WUfyXgP,23,1906 Lodge At Coronado Beach
AVwdsLHMByjofQCxrmsd,24,"Home2 Suites By Hilton Philadelphia-Convention Center, Pa"
AVwdoQs4IN2L1WUfxtHH,18,Chelsea Savoy Hotel
AVwdLbuu_7pvs4fz3FIK,13,Central Loop Hotel
AWE2CvxXa4HuVbedNVUf,16,Royal Resort
AVweMjEcIN2L1WUf208j,16,Sterling Gardens Hotel
AVwdLMav_7pvs4fz3CHy,16,SpringHill Suites Las Vegas Convention Center
AVwdZiL7kufWRAb55fnk,7,"The Cartwright Hotel - Union Square, BW Premier Collection"
AVzOLf4aFcQ3k02bBrRN,25,Best Western Plus Inn At The Vines
AVwdLdlp_7pvs4fz3Ffc,15,Aloft New Orleans Downtown
AVwdcQ_1ByjofQCxpKUm,25,Hampton Inn and Suites Napa
AVwdlxF6ByjofQCxqnI2,26,Hampton Inn & Suites Dallas/Cockrell Hill I-30
AV4zBlFx3-Khe5l_SI6V,27,Fairfield Inn & Suites by Marriott Key West at The Keys Collection
AVwc93g4_7pvs4fz02fD,13,The Villa Toscana
AVweERJikufWRAb5_tYe,28,Bed and Breakfast Inn Seattle
AV43XxGTIxWefVJwkpQ0,13,Quality Inn Midway Airport
AWIHh69e3-Khe5l_hRq9,13,Rodeway Inn
AVzOLPqy-gnIPe8DSyDW,13,Freehand Chicago
AWE70c43RxPSIh2Rslyx,29,WoodSpring Suites Phoenix I-10 West
AVwegEP1IN2L1WUf5hhB,29,Holiday Inn North Phoenix
AVwc-7e9ByjofQCxkSN3,29,Comfort Inn I-10 West at 51st Ave
AVwc800dByjofQCxj9NN,29,Red Roof Inn Phoenix North - Bell Road
AVwdNRg6_7pvs4fz3aAJ,29,Hotel 502
AVzYm8FDFcQ3k02bCM1F,18,The Nolitan Hotel
AVwcy8jBByjofQCxiRyD,30,Hilton Garden Inn Atlanta Downtown
AVzA2-V13D1zeR_xBA7B,18,"The Beekman, A Thompson Hotel"
AVwcmSKR_7pvs4fzw4Vf,30,The St. Regis Atlanta
AVwddxakByjofQCxpZKW,30,Extended Stay America - Atlanta - Perimeter - Hammond Drive
AV6ZfnuiRxPSIh2RlHtM,30,Quality Inn & Suites
AV50HD7R3-Khe5l_WcdI,18,Central Park West Hostel
AVwcolBg_7pvs4fzxSnV,30,Hampton Inn Atlanta-Perimeter Center
AWEw_jvdIxWefVJwyC31,30,Extended Stay America - Atlanta - Clairmont
AVweJx1yIN2L1WUf2dB6,18,The Redbury New York
AVwcqez9IN2L1WUfng2u,28,Silver Cloud Inn - Seattle Lake Union
AVz1iS0Q-gnIPe8DUYOb,28,Residence Inn Seattle Downtown/Lake Union
AVwdEH8rByjofQCxlJBS,28,Inn at El Gaucho
AVwcno-SIN2L1WUfnA6k,29,La Quinta Inn & Suites Phoenix I-10 West
AVwdTHcuByjofQCxno_3,29,Residence Inn Phoenix North/Happy Valley
AVwdjn76ByjofQCxqRer,29,Courtyard Phoenix North/Happy Valley
AVzOLv0p-gnIPe8DSzCs,18,"The Carlyle, A Rosewood Hotel"
AVzA2-Dg3D1zeR_xBA6y,18,DoubleTree by Hilton Hotel Metropolitan - New York City
AV1ha6JpIxWefVJwgDSa,13,The Westin Chicago River North
AVwctAJvkufWRAb5yHGn,29,FOUND:RE Phoenix
AVwdIPxpkufWRAb52lqx,31,TownePlace Suites Anaheim Maingate Near Angel Stadium
AWE7MLXnIxWefVJwyHZO,15,Maison de Macarty
AVweKbcg_7pvs4fzAl_6,15,Hotel Storyville
AVweQNpgByjofQCxwmvV,15,Econo Lodge
AVwclAQx_7pvs4fzwp8i,15,Ace Hotel New Orleans
AVwdY9eSByjofQCxonFk,14,XV Beacon
AV1eTRlWa4HuVbed6vvx,14,Bricco Suites
AVwdzuct_7pvs4fz9czc,14,Beacon Hill Hotel and Bistro
AV0J-cFz-gnIPe8DU7eF,14,Embassy Suites by Hilton Boston at Logan Airport
AVwc4_E0IN2L1WUfqAt3,14,The College Club of Boston
AVzX379oFcQ3k02bCABU,15,"The Roosevelt New Orleans, A Waldorf Astoria Hotel"
AVwdLFvZkufWRAb53DST,15,Cornstalk Hotel
AVwcn396ByjofQCxgWuk,15,French Quarter Suites Hotel
AVwd9aCj_7pvs4fz-x4v,15,Soniat House
AVwc4gteByjofQCxjOB5,15,The Pontchartrain Hotel
AVwedxmDByjofQCxydVB,32,Martinique Motel
AVwc5_ErByjofQCxjeZE,32,The Annex at The Chelsea
AVwcg3rXkufWRAb5v-bM,31,Eden Roc Inn & Suites
AVweJA6NByjofQCxvoCB,31,Best Western Courtesy Inn
AVwchMRI_7pvs4fzv9ZQ,31,Park Vue Inn
AVweT72ekufWRAb5B0YQ,31,Holiday Inn Anaheim-Resort Area
AV1tg8DXIxWefVJwhAU2,31,Pacific Inn
AWE8LfTC3-Khe5l_gKeD,31,Quality Inn & Suites Anaheim Maingate
AWE7NkBkRxPSIh2Rse5g,32,Best Western Envoy Inn
AVwdDi4c_7pvs4fz1yly,10,Best Western Seven Seas
AV1ebL3qRxPSIh2RZ9Z4,24,Embassy Suites by Hilton Philadelphia - Center City
AVwckmGrByjofQCxfwut,10,Rodeway Inn San Diego Near Qualcomm Stadium
AVwdBxN9_7pvs4fz1fhn,10,Holiday Inn Express San Diego Sea World - Beach Area
AVyx85zH8im-6PJyHFPh,33,Grande Colonial La Jolla
AVwdTauckufWRAb54fIK,10,Residence Inn San Diego Central
AVwel0Z4_7pvs4fzEcCk,10,SpringHill Suites San Diego Rancho Bernardo/Scripps Poway
AVwcnLrgIN2L1WUfm8Ag,24,Fairfield Inn Philadelphia Airport
AVwck5pr_7pvs4fzwoq8,34,Hyatt Regency Orlando International Airport
AVzj5QuL-gnIPe8DTupv,25,Hilton Garden Inn Napa
AVwdDOFxByjofQCxk_JC,15,NOPSI Hotel New Orleans
AWENkUK9IxWefVJwxc2q,15,"The Troubadour Hotel New Orleans, Tapestry Collection by Hilton"
AVwdouC6ByjofQCxrEh-,28,Courtyard Seattle Downtown/Lake Union
AVwcgshl_7pvs4fzv3ge,28,Hyatt House Seattle/Downtown
AV1eT4k_RxPSIh2RZ5gv,24,Aloft Philadelphia Downtown
AVz6h463LD2H7whiYPOd,27,"The Saint Hotel Key West, Autograph Collection"
AWEw3i5yRxPSIh2RsYCd,16,Suncoast Hotel and Casino
AVwciZhBIN2L1WUfmDDB,32,Rodeway Inn Oceanview
AVwdqHqOIN2L1WUfx_tW,32,Rodeway Inn Boardwalk
AVwd3-Mk_7pvs4fz-BmW,13,River Hotel
AVwelVZLIN2L1WUf6TpO,7,Wyndham Canterbury at San Francisco
AVwdk4zOByjofQCxqeEN,30,Motel 6 Atlanta Downtown
AVwdSAbxByjofQCxndJK,30,Drury Inn & Suites Atlanta Airport
AVwc0FWTkufWRAb5zTC1,7,Halcyon Hotel
AVwcuGm4kufWRAb5yS1U,35,Comfort Inn
AVwem5e6IN2L1WUf6hOs,13,Clarion Inn & Suites
AWE1_85Y3-Khe5l_fvSC,17,Hotel St. Augustine
AVwdMfstIN2L1WUftNm3,15,Hotel Royal
AVwcrjlMkufWRAb5x3pl,36,Bay Pointe Inn Restaurant
AVwc9-5r_7pvs4fz0300,37,Hampton Inn Potomac Mills/Woodbridge
AVwctAsF_7pvs4fzyDXO,38,Quality Inn Suites Medical Park
AVwdvE4j_7pvs4fz8yXN,39,Best Western Orange Plaza
AWCIJHukRxPSIh2Rpn0m,40,The Academy Hotel Colorado Springs
AVweS2dLByjofQCxw9tK,41,Ramada Plaza Hawthorne/LAX
AVwdRVEDByjofQCxnV5R,42,Economy Inn Suites
AVwck-4bkufWRAb5wuG9,43,Holiday Inn Express Suites Fort Worth Downtown
AVwc1YAxByjofQCxisyY,44,La Quinta Inn Suites San Antonio Northwest
AV0dLPzA3D1zeR_xEeNe,45,Pine Barn Inn
AVwcg3N2_7pvs4fzv5ft,46,Wildflower Inn
AVwcr1EgIN2L1WUfnwTB,47,Econo Lodge
AVwdKtV9ByjofQCxmMmU,48,Hampton Inn & Suites Dodge City
AVwc9lJ6IN2L1WUfqyHr,49,Holiday Inn Express & Suites Baton Rouge East
AVwcn_UuIN2L1WUfnE9z,50,Arizona Mountain Inn & Cabins
AVweQLaH_7pvs4fzBX7t,51,Hollywood Motel
AVweguO9ByjofQCxy5sp,52,Stonebrook Lodge
AVwc_xwyByjofQCxkbaP,53,Hampton Inn & Suites Coeur d'Alene
AVwcmz3OByjofQCxgKyJ,54,Hampton Inn & Suites Newport/Middletown
AVweWYUoByjofQCxxbOW,55,Snowshoe Motel
AVwelMOBByjofQCxzkgi,56,Americas Best Value Inn-arkansas City
AVwdv0jykufWRAb584cG,57,Liberty Inn
AVwcouq9ByjofQCxggdI,58,Dover Inn
AVwddvtLkufWRAb56LSt,59,The Colonial Hotel
AVwc8rOXByjofQCxj7p9,60,Ramada-ankeny
AVweKR2p_7pvs4fzAkn5,61,Holiday Inn Express & Suites Denver Northeast - Brighton
AVwd55xXByjofQCxth8n,48,Comfort Suites-dodge City
AVween-NByjofQCxylqp,62,Pakalana Inn
AVwdIiarByjofQCxl1TI,10,The Westin San Diego Gaslamp Quarter
AVwdULI7IN2L1WUfug3B,63,Hampton Inn Las Vegas North Speedway
AVzfTGgI3D1zeR_xCEfw,42,Courtyard Las Vegas Henderson/Green Valley
AVwdtaiekufWRAb58i0E,34,Loews Portofino Bay Hotel at Universal Orlando
AVwcs964IN2L1WUfn8s9,34,Hyatt Regency Grand Cypress
AVwdeIAvByjofQCxpcdk,64,Holiday Inn Express Alpharetta - Roswell
AVwchXuuByjofQCxfJcS,65,Tawas Bay Beach Resort
AVwdTMYZ_7pvs4fz4bKf,66,Holiday Inn Express Suites Northwood
AVwd-iMF_7pvs4fz-8cF,67,Residence Inn Chicago Bloomingdale
AVwc_g7-ByjofQCxkYTs,68,"The Press Hotel, Autograph Collection"
AVwdMsswkufWRAb53Vy0,16,ARIA Resort Casino
AVwc-W5uIN2L1WUfq5sp,69,Staybridge Suites Rockford
AVweWs_xByjofQCxxeIo,70,W Austin
AVwcutHnkufWRAb5yY8Y,71,Best Western Plus Heritage Inn Rancho Cucamonga/Ontario
AVwdvtxJIN2L1WUfy0QV,13,Hotel Lincoln
AVwdITNOkufWRAb52mIc,72,Auburn Travelodge Inn & Suites
AVwdQtJyIN2L1WUft8Z-,73,Biddeford Motel
AVwdeg90_7pvs4fz6R13,74,Best Western Granbury Inn Suites
AVwdygbvIN2L1WUfzOvF,15,Omni Royal Orleans
AV1c89jw3-Khe5l_MVmh,75,Hilton Garden Inn Williamsburg
AVwdTtLzByjofQCxnu8i,76,The Bertram Inn & Conference Center
AVwddSUNByjofQCxpUr6,77,Econo Lodge
AVwcjlX_IN2L1WUfmRe8,78,Flamingo Inn Rosemead
AVwdSrJx_7pvs4fz4VT2,79,Travelodge-lax South
AVwcmlR1IN2L1WUfm1GE,80,Cloverleaf Residence Suites
AVwcsGh9_7pvs4fzx5nw,81,The Gables Inn Sausalito
AVwdmeaRByjofQCxqubL,82,Drury Plaza Hotel Indianapolis Carmel
AVweONaz_7pvs4fzBHFP,83,Ocean Suites
AVweBE1ZByjofQCxuiP3,84,The Saga Motor Hotel
AVwc4YmTByjofQCxjMpi,85,La Cuesta Inn
AVwcet5XIN2L1WUflZh9,85,Inn At San Luis Obispo
AVweAboOkufWRAb5_LD7,86,Desert Lodge
AVwdbdo_IN2L1WUfvuW5,87,Candlewood Suites Orange County/Irvine East
AVwc-HjcByjofQCxkKD_,88,Hyatt Regency-valencia
AVwczRoS_7pvs4fzzHAx,89,Motel 6
AVwdu0kjIN2L1WUfyryf,90,Nites Inn
AVwd_QZo_7pvs4fz_DHD,91,Pacific Shores Inn
AVwc7W8SByjofQCxjtic,92,Aloft Cleveland Downtown
AVweJiq4kufWRAb5AbFH,93,Best Western-ashburn Inn
AVwd_6YpByjofQCxuXwM,94,Holiday Inn Express & Suites Atlanta East - Lithonia
AVwckBNxByjofQCxfprT,95,Holiday Inn Express & Suites Columbus Univ Area - Osu
AVweCPjtkufWRAb5_bTI,95,Holiday Inn Express & Suites Columbus - Polaris Parkway
AVwc8lRTIN2L1WUfqn1u,45,Innkeeper Danville West
AVwdf_nC_7pvs4fz6fvN,96,Holiday Inn Express Clermont
AVwcqrBakufWRAb5xtoP,97,Bougainvillea On The Beach
AVwdYhdSkufWRAb55UzN,98,Quality Inn
AVwck0XQkufWRAb5wsZD,99,Ramada Hialeah Miami Airport
AVwc0GB9IN2L1WUfpLnq,100,Aloft Jacksonville Tapestry Park
AVwcfpZdIN2L1WUflkHt,101,Orange Motel
AV46zijca4HuVbedAGzh,102,Hampton Inn & Suites Bradenton Downtown Historic District
AVwdSP7IIN2L1WUfuMyQ,103,Cozy Villa Motel
AVweKVJX_7pvs4fzAlIE,104,Sea-Aire Motel
AVwc5D0_kufWRAb50IDu,105,Echo Sails Motel
AVwdQ6jC_7pvs4fz4C1V,106,Dolphin Key Resort
AVwc5WdKkufWRAb50LJX,84,Best Western Pasadena Royale
AVwdUCbxkufWRAb54len,107,Holiday Inn Express & Suites Lake Placid
AVwc9Ud7IN2L1WUfqvWG,108,Imperial Waters
AVwemIqzByjofQCxzs4F,108,Elmwood Motor Court
AVweIgTGIN2L1WUf2RdH,108,Island View Motel
AVwdNf0IkufWRAb53eYL,109,Hampton Inn-saco/biddeford
AVwdoZ4oByjofQCxrBgf,110,The Lodge At Russell
AVwcuX3D_7pvs4fzyRwc,111,Residence Inn By Marriott Waldorf
AVwczr5ZIN2L1WUfpG-3,112,Hampton Inn & Suites Cedar Rapids North
AVwd7GbG_7pvs4fz-dGp,112,Quality Inn
AV1tiXLJ3-Khe5l_OyVc,113,Hampton Inn & Suites Altoona-des Moines
AVwc9__JkufWRAb507S0,114,Drury Inn & Suites Charlotte Northlake
AVwdrngDByjofQCxrhXl,115,Best Western Plus Stevenson Manor
AVwcuMl7kufWRAb5yTzU,58,Super 8-dover
AVwdkiahkufWRAb57MdV,19,Coconut Waikiki Hotel
AVwdDDdOkufWRAb51wMB,116,Golden North Motel
AV0XzY0D3D1zeR_xDveH,117,Aviator Hotel Anchorage
AVwcvkMH_7pvs4fzyfF-,118,Simmons Suites
AVwctdCtIN2L1WUfoCNo,119,Ramada-kingman
AVwc3FBckufWRAb5zyMp,120,Westgate Inn & Suites
AVwd1Xs8IN2L1WUfzoNS,120,Mainstay Suites-fort Campbell
AVweHVUtkufWRAb5AH5e,83,Hampton Inn & Suites Brookings
AVwcihNvkufWRAb5wSQO,121,Hampton Inn-athens
AVwdfPyT_7pvs4fz6Ygv,122,Chalet Inn
AVwciAExIN2L1WUfl980,123,Travelodge-beckley
AVwcswk2kufWRAb5yEtI,124,Plantation Inn & Suites
AVwdJ8bqkufWRAb523QF,125,Roscoe Motor Inn
AVwd0RDUIN2L1WUfzegV,126,Hampton Inn-elkhorn
AVwdvr5fIN2L1WUfyz7F,127,Holiday Inn Express & Suites Fond Du Lac
AVwc0xpykufWRAb5zazh,128,Copperleaf Hotel
AVwc4UhRkufWRAb5z_hu,128,Best Western Appleton Inn
AVwd6N7lByjofQCxtkwj,129,Hampton Inn & Suites Bend
AV1eTehKIxWefVJwfcQ-,129,Chalet Motel
AVwdECc3kufWRAb517A0,130,Hampton Inn-janesville
AVwctte0_7pvs4fzyLDZ,131,Riverside Inn
AVwcgAGx_7pvs4fzvvsE,131,Motel Del Rogue
AVwdeqacIN2L1WUfwOT5,132,Staybridge Suites Chantilly Dulles Airport
AVwcsAd-IN2L1WUfnyZj,133,Staybridge Suites El Paso Airport Area
AVwcssTBkufWRAb5yD6M,134,Holiday Inn Express Washington Dc Sw - Springfield
AVwc79vuIN2L1WUfqhQG,135,Century Hotel
AVwcv5kmIN2L1WUfodCi,136,Best Western University Inn & Suites
AVwdqGSCByjofQCxrSX9,137,University Inn Corvallis
AVwdARF1ByjofQCxkgDX,138,La Quinta Inn & Suites Corsicana
AVwclFGAkufWRAb5wvQ2,139,Americas Best Value Inn-corpus Christi North/airport
AVwdYrkeIN2L1WUfvQ5Y,140,La Quinta Inn & Suites Dallas Grand Prairie South
AVwclqdmByjofQCxf9da,141,Holiday Inn Express & Suites Amarillo West
AVwcy-z7ByjofQCxiSGX,142,Budget Inn
AVwdpSmZIN2L1WUfx3Ti,143,Motel 6
AVwc_auAkufWRAb51KG0,144,Quality Inn & Suites Nj State Capital Area
AVwdggVGIN2L1WUfwgeD,145,Alpine Motel
AVwc1d-ckufWRAb5zhtw,146,Historic Hotel Bethlehem
AVwck7qk_7pvs4fzwpBz,147,Avalon Hotel & Conference Center
AVwcshif_7pvs4fzx-GW,148,Pike Motel
AVwdYu3LByjofQCxokeB,149,Best Western Plus Clearfield
AVwce0-QByjofQCxetpl,150,Radisson Hotel Valley Forge
AVwc47jAIN2L1WUfp__5,151,National Trail Motel
AVweIMpmkufWRAb5APft,152,Quality Inn
AVwdntpgByjofQCxq6jV,153,Hotel Warner
AVwd9kSvIN2L1WUf0wqP,154,Heritage Suites
AVwcqjlFByjofQCxg0zY,155,America's Best Value Inn
AV1dN3FM3-Khe5l_Ml9i,156,Central Park Hotel
AVweWG5SIN2L1WUf4G5w,157,Comfort Inn-lehigh Valley West
AVweI3SGkufWRAb5AVNA,158,Hampton Inn & Suites Philadelphia Montgomeryville
AVwc0O3SIN2L1WUfpNXr,159,Days Inn & Suites Milwaukee Airport
AVwdQvX-IN2L1WUft81h,160,Fairway Inn
AVwc-NsU_7pvs4fz06Ky,161,Cooper Hill Inn
AVwd1Zo5ByjofQCxs7DO,162,Comfort Suites-elgin
AVwct43gkufWRAb5yQzo,163,Red Roof Plus+ Long Island-garden City
AVweF8PNIN2L1WUf16nQ,164,Mattituck Motel
AVwcgs6YByjofQCxfCA0,165,Best Western Tomah Hotel
AVwc2hH0ByjofQCxi40F,134,Residence Inn Springfield South
AVweiemTByjofQCxzK1F,166,The Pecos Trail Inn
AVwdZtSjkufWRAb55hiZ,167,Comfort Inn
AVwcp2gFIN2L1WUfnZ_K,168,Baymont Inn & Suites Bowling Green
AVwc1J2HkufWRAb5zedV,169,Best Western Harker Heights
AVwc1ZBeByjofQCxis-2,170,Holiday Inn Express & Suites Florence I-95 & I-20 Civic Ctr
AVweEpAl_7pvs4fz_yxU,171,Aloft Greenville Downtown
AVwdmsxgIN2L1WUfxd2g,172,Drury Inn & Suites St Louis Fenton
AVwdvBEu_7pvs4fz8x1n,173,Holiday Inn Express & Suites Butte
AVwdksXZByjofQCxqcX2,173,La Quinta Inn & Suites Butte
AVwcncpWIN2L1WUfm-nm,174,Best Western Plus Chalmette Hotel
AVweelwAkufWRAb5DStt,175,Schweich's Hotel Bar & Restaurant
AVweGDqg_7pvs4fz__Kt,176,Homewood Suites By Hilton Lancaster
AVwcvrtf_7pvs4fzygXo,177,Super 8 Monticello
AVwdqlz8kufWRAb58IKh,70,Holiday Inn Express & Suites Austin South
AVwclijmByjofQCxf72Q,178,Motel 6-albert Lea
AVwctnEWIN2L1WUfoD7T,179,Mark Twain Hotel
AVwdTQ-eByjofQCxnqoR,180,Red Roof Inn & Suites Dekalb
AWE7_gFaIxWefVJwySRq,181,Drury Inn St Louis Collinsville
AVweA6RkkufWRAb5_PYs,182,Best Western-woodstock Inn
AVwdoF_SkufWRAb57vLK,183,Aloft Bolingbrook
AVwdiQCbIN2L1WUfwxIt,184,Comfort Suites-regency Park
AVwdgJGY_7pvs4fz6hRC,185,Four Points By Sheraton Chicago O'hare Airport
AVwcknX-kufWRAb5wqI-,69,Alpine Inn
AVwdGx1kIN2L1WUfsREl,186,Drury Plaza Hotel Nashville Franklin
AVwdLbCR_7pvs4fz3E_E,187,Hilton Garden Inn Bettendorf/quad Cities
AVwdAzOmByjofQCxklSy,188,Island Country Inn
AVwehqCVByjofQCxzCqv,189,BEST WESTERN PLUS Walla Walla Suites Inn
AVwc-2C-ByjofQCxkRUw,190,Top's Motel
AVwcrOz_ByjofQCxg8lq,191,Best Western Plus Newark/christiana Inn
AVweZ8IWkufWRAb5Cndr,192,Quality Inn & Suites
AVwdIv-nkufWRAb52qab,193,National 9 Inn-sand Canyon
AVwelvld_7pvs4fzEbbe,194,Orange City Motel
AVwdlfmy_7pvs4fz7Vnl,195,Riviera Resort & Marina
AVwdJiRHIN2L1WUfstG2,196,Holiday Inn Resort Fort Walton Beach
AVwcqkWoByjofQCxg07u,197,MacRae's Of Homosassa Inc
AVwd_lC3_7pvs4fz_Fqp,105,Chart House Suites On Clearwater Bay
AVwd_9UkkufWRAb5_G8n,198,Behind The Fence Bed & Breakfast Inn
AVwd4mnWkufWRAb5-F-V,199,Colony Hotel
AVwc9dgR_7pvs4fz0yTg,200,Best Western Mulberry Hotel
AVweYZQn_7pvs4fzCef6,201,Oak Tree Inn
AVwdBKXEkufWRAb51cjV,202,Red Roof Plus+& Suites Guilford
AV1eSqqi3-Khe5l_ND9X,203,Americas Best Value Inn & Suites Canon City
AVwdM97P_7pvs4fz3Wl2,204,Grand Inn
AVwcvSDN_7pvs4fzybs0,205,Comfort Inn
AVwdyqou_7pvs4fz9Tv6,206,Holiday Inn Express & Suites Eureka
AVwdirvhkufWRAb566YH,206,Americas Best Value Inn & Suites-eureka
AVwcssx3_7pvs4fzyAIl,207,Super 8-el Centro
AVwegH5PIN2L1WUf5iA8,208,Westchester Hotel
AVwcjZpiByjofQCxfiVN,209,Americas Best Value Inn-rialto
AVwc-bXxkufWRAb50_g9,81,Hotel Sausalito
AWCACyWIIxWefVJwvFeo,86,Best Western Inn At Palm Springs
AVwc2Ih4ByjofQCxi0n1,88,Best Western-valencia Inn
AVwear0JkufWRAb5CuHZ,210,Best Western Plus Hotel At The Convention Center
AVweLrdWkufWRAb5AtpR,211,Bancroft Hotel
AVweiyLaByjofQCxzNl0,212,Rancho Tee Motel
AVwdP0XqByjofQCxnFOD,90,Desert Inn Motel
AVwdx4G6IN2L1WUfzI1o,213,Beach Comber Inn
AVwdh6K4ByjofQCxqA0x,213,Seacrest Oceanfront Hotel
AVwci6DKByjofQCxfcTl,214,Lincoln Plaza Hotel
AVwdIMU6IN2L1WUfsfYz,215,Aztec Hotel
AVweQYciByjofQCxwoQF,216,Chariot Inn
AVwde3QykufWRAb56Vf5,217,Pasea Hotel & Spa
AVwdZCNkkufWRAb55aSK,218,Courtyard by Marriott Scottsdale Salt River
AV430t4ua4HuVbed_8GY,219,Hampton Inn & Suites St. Louis/South I-55
AVwehuno_7pvs4fzD1VE,220,Hampton Inn & Suites Palestine
AVwc1kVk_7pvs4fzzfDE,221,Hotel Sutter
AVwdSCQbIN2L1WUfuKk9,222,The Chocolate Turtle Bed & Breakfast
AVwdyADJIN2L1WUfzJ7X,210,The Varden Hotel
AVwcp94xkufWRAb5xlVI,22,Hotel Del Flores
AVwdTcOPkufWRAb54faJ,223,Park City Peaks Hotel
AV1eSnM6RxPSIh2RZ2UW,224,American Inn
AVwdhhvR_7pvs4fz6u8C,225,The Charles Hotel
AVwdhNIDByjofQCxp6FY,226,Hotel Red
AVwc56FSIN2L1WUfqKny,227,Atlantis Oceanfront Inn
AVwd4YrGkufWRAb5-D9i,228,Longwood Inn
AVwdA4prByjofQCxkmQp,229,Plaza Motel
AVwcmYpakufWRAb5w-F7,230,Lyttleton Inn
AVweAopYIN2L1WUf1Lu4,231,Beverly Garden Suites
AVwdoTo5IN2L1WUfxtjk,232,Best Western Springfield West Inn
AVwekNMuByjofQCxzbhw,233,Hampton Inn-seattle/everett
AVweSefL_7pvs4fzBrws,234,Hotel Aiken
AVwdYHLfkufWRAb55Q5u,235,Super 8 Delavan Near Lake Geneva
AVwdoNzaIN2L1WUfxsq5,236,Campus Inn Motel
AVwdnFyXIN2L1WUfxhsE,134,Comfort Inn
AVwefl5RIN2L1WUf5c-H,237,Admiral Hotel
AVwdSU1lIN2L1WUfuNkO,238,Staybridge Suites Omaha 80th And Dodge
AVwciw7-_7pvs4fzwQfp,146,Holiday Inn Express & Suites Bethlehem
AVwcutlmByjofQCxhini,239,Quality Inn
AVwdaEtSByjofQCxoyfu,240,Best Western Riverview Inn & Suites
AVwdQx2SByjofQCxnQJ6,241,Best Western Plus Murray Hill Hotel & Suites
AVwchmWlByjofQCxfMRl,242,Red Roof Inn Cleveland-medina
AV1eTa3XRxPSIh2RZ4g9,243,Candlewood Suites Somerset
AVwdu_VMIN2L1WUfytWX,244,Best Western Kenosha Inn
AVwdkhh-kufWRAb57MTg,245,Motel 6 Jaiden & Jiya LLC
AVweRbO2ByjofQCxww4l,246,Beavers Bend Lodging
AVwc5HVjByjofQCxjU5T,247,Comfort Inn
AVwd-m1zByjofQCxuMp5,219,Seven Gables Inn
AVweJLA0kufWRAb5AXth,38,Aloft Durham Downtown
AVweZ3e2ByjofQCxx5JW,248,Carter Lodge
AVwdWptGkufWRAb55Bmj,249,Comfort Suites Outlet Center
AVwcvs8RkufWRAb5ykXC,250,M -37 Motel
AVweIKhnIN2L1WUf2OZn,251,Schleichers Landing
AVweft8tkufWRAb5DdsN,252,Sleep inn
AVwchCBeIN2L1WUflyzh,253,Microtel Inn Suites by Wyndham Marietta
AVwdQV8AByjofQCxnLGE,219,Days Inn St. Louis - Lindbergh Boulevard
AVwdKpKWkufWRAb52-u5,254,Quality Inn
AVwdMPMMkufWRAb53Qly,255,America's Best Inn Suites
AVwdHZRhIN2L1WUfsXYe,7,InterContinental San Francisco
AVwddQuQ_7pvs4fz6GMw,256,Appletree Inn
AWFAYk4e3-Khe5l_ggpw,2,Holiday Inn Express Baltimore-Bwi Airport West
AWE2AflvRxPSIh2RsapS,257,Hyatt Regency Sacramento
AVwebHhAByjofQCxyD9z,258,Courtyard by Marriott Newport News Airport
AVwdCHqpIN2L1WUfrgbL,219,Drury Inn Suites St. Louis Convention Center
AVwefva7ByjofQCxywip,259,Holiday Inn Express Suites Deming Mimbres Valley
AVwd7bXeIN2L1WUf0dSW,178,Comfort Inn
AVweJh9R_7pvs4fzAdyw,260,Holiday Inn Express Suites Clinton
AVwc7OG9_7pvs4fz0boR,261,Drury Inn Suites Dayton North
AVwcztuoByjofQCxiaDX,262,Hotel Prince Spafford
AVwdICQgByjofQCxlwlP,263,Sleep Inn
AVwcrf5OkufWRAb5x27v,264,Fairfield Inn Corbin
AVwd-eVmByjofQCxuLdF,265,Howard Johnson Express Inn/Airport
AVwcsvoSkufWRAb5yEig,266,Budget Inn of America
AVwdyZUu_7pvs4fz9RT9,267,Solvang Inn Cottages
AVwciurW_7pvs4fzwQAa,268,Garrison Inn
AVzBEbNmFcQ3k02bBd07,68,Portland Harbor Hotel
AVwc7uurIN2L1WUfqexC,269,Courtyard by Marriott Houston Brookhollow
AWEw9jFgIxWefVJwyBzX,270,DoubleTree by Hilton Hotel Washington DC - Silver Spring
AVwclZB0kufWRAb5wyv2,271,Best Western Plus Glenview-Chicagoland Inn Suites
AVwcfuFeByjofQCxe31C,53,SpringHill Suites Coeur d'Alene
AWE778BPRxPSIh2RsmyR,272,Days Inn Baltimore South/Glen Burnie
AVwcnNKA_7pvs4fzxDks,273,Holiday Inn Express Portland Se - Clackamas Area
AVweHcpWkufWRAb5AI8_,17,Circa 39 Hotel
AVwck98sIN2L1WUfmh97,274,Days Inn Columbus East
AWIYGr06IxWefVJwzU-7,275,Hilton Garden Inn BWI Airport
AVwdmqiy_7pvs4fz7hqD,276,Holiday Inn Express and Suites
AVwdRaBO_7pvs4fz4IBU,277,Alamo Motel
AVweefHwkufWRAb5DRkO,278,Howard Johnson Marina at Monterey Bay
AVwd37XCkufWRAb59_zE,279,Hampton Inn Orlando-Maingate South
AVzA0608-gnIPe8DScDt,21,The L.A. Hotel Downtown
AVwcjPyAByjofQCxfgZd,280,Best Western Dutch Valley Inn
AWB2c3xp3-Khe5l_cVZC,281,Red Roof Inn Hampton Coliseum Convention Center
AWE9cbgDa4HuVbedODVc,282,Comfort Suites
AVwczUHsByjofQCxiVw7,68,McMenamins Kennedy School
AVwdV1vUkufWRAb544qz,134,hampton inn Springfield southeast
AVwc5fjDByjofQCxjY7d,283,Hilton Garden Inn Myrtle Beach/Coastal Grand Mall
AVwchPmqIN2L1WUfl1Ba,230,Holiday Inn Express Suites Denver Sw-Littleton
AVwdPeLRIN2L1WUftuQB,284,Red Roof Inn Detroit - Southfield
AVwdPBaX_7pvs4fz3sqC,285,Fairfield Inn Suites Tyler
AVweTBP6_7pvs4fzBwh6,286,Harborside Inn
AVwc-UVS_7pvs4fz07J4,287,Honua Kai Resort Spa
AWCqkS1Ea4HuVbedKjtc,288,Virginia Beach Resort Hotel Conference Center
AWE7iZZra4HuVbedNeSR,275,Hilton Baltimore BWI Airport
AVwdlCwiIN2L1WUfxMwl,289,Staybridge Suites Lincoln Northeast
AWIajIQMa4HuVbedO4uB,290,Hyatt Place Baltimore/Inner Harbor
AVweicmUkufWRAb5D4Fm,291,Holiday Inn Sarasota-Airport
AVwelQLiByjofQCxzlFr,292,Baymont Inn Suites Grand Rapids SW/Byron Center
AV12lRqCa4HuVbed9qLQ,290,Hampton Inn and Suites Baltimore Inner Harbor
AV1c84h8a4HuVbed5_Jy,75,Hampton Inn and Suites Williamsburg-Central
AV1h3NPca4HuVbed7eU8,290,"Pier 5 Hotel Baltimore, Curio Collection by Hilton"
AV1TpZ3j3D1zeR_xEwq3,290,Homewood Suites by Hilton Baltimore
AV486Nm5RxPSIh2RfwCY,288,SpringHill Suites by Marriott Virginia Beach Oceanfront
AWE1_wwU3-Khe5l_fvRW,17,Sense Beach House
AVzeBEOHLD2H7whiXH35,290,Home2 Suites by Hilton Baltimore Downtown
AV7aroJkIxWefVJwrHnU,68,Sheraton Portland Airport Hotel
AV0Y-KUd3D1zeR_xD0V3,288,Fairfield Inn and Suites by Marriott Virginia Beach Oceanfront
AVzOLoZuLD2H7whiWa_L,17,Villa Paradiso
AVwdjKWnIN2L1WUfw6Er,293,Motel 6 Grand Rapids - Airport
AVwcjX8oByjofQCxfiAS,294,La Quinta Inn Suites Warner Robins - Robins AFB
AVwcy5K2IN2L1WUfo-Q-,295,Best Western Plus Lockport Hotel
AVwcrC6__7pvs4fzxt0Z,296,Blue Sky Lodge
AVwd5isBkufWRAb5-ORc,297,Hilton Garden Inn
AV0UozSd3D1zeR_xDf4b,70,Courtyard Austin South
AVwculHaIN2L1WUfoOhw,298,The Star Inn
AVwd-DEG_7pvs4fz-3xL,30,Hyatt Place Atlanta Airport-South
AVwc6syHIN2L1WUfqTpO,299,Table Mountain Inn
AVwdov0JIN2L1WUfxx7p,300,Quality Inn
AVwem0xukufWRAb5EgAB,301,Comfort Inn
AVwdDpCFByjofQCxlDvC,50,Sonesta ES Suites Flagstaff
AVweWAGRkufWRAb5CGjZ,302,Aqua Soleil Hotel And Mineral Water Spa
AVwdeSuv_7pvs4fz6P-E,303,Motel 6
AVwcwKAGByjofQCxhy9u,46,Best Western Plus Arroyo Roble Hotel & Creekside Villas
AVweK_MLIN2L1WUf2nYd,262,hotel le bleu
AVwdpW3VIN2L1WUfx33i,304,Residence Inn Dallas Richardson
AVweh7AnByjofQCxzFJQ,34,Homewood Suites by Hilton Orlando-Nearest to Univ Studios
AVwc40h__7pvs4fz0Br-,34,Tradewinds Restaurant
AVwdF4LMkufWRAb52NoX,305,Hampton Inn Union City
AWE7WbMH3-Khe5l_f2pS,275,Embassy Suites by Hilton Baltimore at BWI Airport
AVwcrCEtkufWRAb5xxoS,306,Four Points by Sheraton Plainview Long Island
AVwcvak-IN2L1WUfoXdI,307,The Resort at Longboat Key Club
AVwdhpyykufWRAb56wlT,308,Indigo Inn
AVwdjQc8IN2L1WUfw66M,55,Wingate by Wyndham Frisco
AVwcvH0KkufWRAb5ydpT,309,Best Western Plus Encina Inn & Suites
AVwdqhloIN2L1WUfyDeb,309,The Parkside Inn
AVwct0d4IN2L1WUfoGLp,310,Basecamp Hotel
AVweQ4N_IN2L1WUf3Z26,311,Comfort Suites
AVwc3m5J_7pvs4fzz0tE,68,Hotel Rose
AVwc1MzvkufWRAb5ze8e,70,Homewood Suites by Hilton Austin Arboretum / NW
AVwdis24IN2L1WUfw1tE,312,Best Western Lake Conroe Inn
AVwdK_oDIN2L1WUfs82l,313,Hampton Inn & Suites Denver Ap Gateway Park
AVweTzydIN2L1WUf3zPk,314,Residence Inn Chicago Deerfield
AWE7JcmoIxWefVJwyF90,315,Comfort Suites Suffolk - Chesapeake
AVwdKPC__7pvs4fz23_5,258,Hampton Inn Newport News-Yorktown
AVweS9-SByjofQCxw-eq,54,Hampton Inn Middletown
AVwdhGiz_7pvs4fz6qjS,194,Quality Inn
AVwd2Y6akufWRAb59yiF,316,Best Western Suites Near Opryland
AVweWjsYkufWRAb5CLGd,317,Fairfield Inn Tracy
AVwdrvBRIN2L1WUfyPyy,318,Vagabond Inn Sunnyvale
AVwdAG-3kufWRAb51R3E,319,Holiday Inn Express & Suites Sioux Falls Southwest
AVwc4T84_7pvs4fzz77C,320,BEST WESTERN Garden Inn
AVwclAvFIN2L1WUfmiiz,210,Hotel Maya - a DoubleTree by Hilton Hotel
AVwdZqsIkufWRAb55hDe,210,Rodeway Inn
AV0JWKBj3D1zeR_xDTqe,75,"Bluegreen Parkside Williamsburg, Ascend Resort Collection"
AVzxo_taLD2H7whiX61c,12,Quality Inn and Suites By The Parks
AV488Rmya4HuVbedAaeG,75,"Bluegreen Vacations Patrick Henry Sqr, Ascend Resort Collection"
AVwc5tET_7pvs4fz0Lkc,321,Comfort Suites
AVwco2f8_7pvs4fzxV0W,322,Holiday Inn Express & Suites Port Richey
AVwc2U28ByjofQCxi2vA,323,Best Western Inn & Suites At Discovery Kingdom
AVwdNnWSByjofQCxmsJL,301,Hilton Garden Inn Winchester
AVweeKnkkufWRAb5DOf-,324,Hilton Garden Inn Edison/Raritan Center
AVwdqySTkufWRAb58KM0,325,Best Western Plus Wilmington/Carolina Beach
AVwce3U7IN2L1WUflbDh,326,The Chateau Motel
AVwcz48TkufWRAb5zRFy,327,Courtyard Harrisburg Hershey
AVwcw8G4IN2L1WUfoo4m,328,Days Inn Apple Valley Sevierville
AVwcxQ1KkufWRAb5y1V_,327,Holiday Inn Express Harrisburg East
AVweeUcLIN2L1WUf5QYf,17,AC Hotel Miami Beach
AVwdZfwJByjofQCxostG,265,Ramada Louisville Expo Center
AVweT9pD_7pvs4fzB4SW,329,Quality Inn
AVwdzNR8_7pvs4fz9YR4,330,Wingate by Wyndham San Marcos
AVweR-emIN2L1WUf3jf_,331,Comfort Inn & Suites West
AVwc68x7_7pvs4fz0YnD,332,Red Roof Inn Fresno - Yosemite Gateway
AWCACeD5IxWefVJwvFCE,134,Best Western Springfield
AVwcsDpjkufWRAb5x9QJ,310,Lodge At Lake Tahoe
AVwemY7tIN2L1WUf6c-u,333,Hampton Inn & Suites Wilmington Christiana
AWE8MZSMa4HuVbedNwMH,315,TownePlace Suites by Marriott Suffolk Chesapeake
AVwd8pBeIN2L1WUf0oTs,334,Whispering Woods Resort
AVwcf0op_7pvs4fzvtqM,34,Orlando Continental Plaza Hotel
AWE8MMXI3-Khe5l_gKeX,315,Hilton Garden Inn Chesapeake/Suffolk
AVwdyc9j_7pvs4fz9RyA,335,Best Western Superstition Springs Inn
AVwcw506IN2L1WUfooat,336,Hyatt Place Charlottesville
AVwdt0G9ByjofQCxr1sW,337,Hampton Inn Suites Conroe I45 North
AVwcmt3Q_7pvs4fzw9it,338,Hyatt House Parsippany/Whippany
AVweIrnBByjofQCxvlIl,339,"Hampton Inn & Suites Chapel Hill/Durham, Area"
AVwczz3QByjofQCxibOg,340,Holiday Inn Express Albuquerque (I-40 Eubank)
AVwc10FFIN2L1WUfpeN7,341,Quality Inn
AVwcrGUBByjofQCxg67W,342,Park Inn By Radisson Sharon
AVwcgfJGIN2L1WUflsx-,343,"Red Roof Plus+ Washington, DC - Alexandria"
AVwcrBswkufWRAb5xxjx,344,Hampton Inn & Suites Jackson
AWE8B_BEIxWefVJwyS0V,170,Best Western Inn Florence
AVwcsHsU_7pvs4fzx51l,344,Comfort Suites
AVwdO-dDkufWRAb53uJG,336,Courtyard Charlottesville North
AVwcgR2jIN2L1WUflqcV,345,The INN at Europa Village
AVwdkA2NByjofQCxqVnd,346,McMenamins Hotel Oregon
AVwcp0fTByjofQCxgszV,10,Courtyard San Diego Sorrento Valley
AVwdodCOkufWRAb57y5T,347,BEST WESTERN Westfield Inn
AVzRUCGiFcQ3k02bBtGD,278,Best Western Beach Dunes Inn
AVyishNkKV4T4IkwNah7,19,The Kahala Hotel & Resort
AVwdbNSKByjofQCxo-w3,33,Hotel La Jolla
AVwdFjBOIN2L1WUfsEXH,348,Rodeway Inn & Suites Boulder Broker
AVwdkR_b_7pvs4fz7KEE,95,Crowne Plaza Columbus-Downtown
AVwcu5l-_7pvs4fzyXbz,349,Four Points by Sheraton San Jose - Silicon Valley
AVwdPZBCIN2L1WUfttNM,349,The Westin San Jose
AVwcoyb0ByjofQCxghKz,350,Comfort Suites Tampa / Brandon
AVwdFyZ0kufWRAb52Mxf,100,Residence Inn Jacksonville Butler Boulevard
AVweUb3O_7pvs4fzB8oA,351,Best Western Intracoastal Inn
AVwdvbRAByjofQCxsD7W,133,Comfort Suites
AWFFotMF3-Khe5l_gl2_,352,Candlewood Suites Norfolk Airport
AVwdatg0ByjofQCxo5S5,281,Hampton Inn Hampton-Newport News
AVwcuOPBkufWRAb5yUC0,352,SpringHill Suites Norfolk Old Dominion University
AWCVdo9B3-Khe5l_co-n,288,Homewood Suites by Hilton Virginia Beach/Norfolk Airport
AVwcpARZkufWRAb5xbjH,316,Fiddler's Inn
AVwcsbl6IN2L1WUfn2-N,353,Ramada Naples
AVwdl0hzByjofQCxqnsx,354,Silver Sands Beach Resort
AVwd-jTPByjofQCxuMNO,355,Tarpon Inn
AVwdKp4ZkufWRAb52-2S,356,Best Western Plus Yacht Harbor Inn
AV_JW7Jp3-Khe5l_ZkCd,288,WoodSpring Suites Virginia Beach
AVwdcoHLByjofQCxpODR,353,Fairfield Inn & Suites Naples
AVweDZahByjofQCxu3Oh,7,San Francisco Marriott Marquis
AVwd-kbGkufWRAb5-7Db,357,Hotel Laguna
AVwcpFZjIN2L1WUfnRa7,358,Comfort Inn
AVwcopCNByjofQCxgfSS,359,Comfort Suites
AVwcf7HXkufWRAb5vz24,360,Hotel Manor
AWEKjfDC3-Khe5l_es6x,361,Hampton Inn Suites McAlester
AVwc6TC1IN2L1WUfqPIt,362,Motel 6 Ardmore
AVweR2I7ByjofQCxw0mU,362,Lexington Inn - Ardmore
AVweFB7p_7pvs4fz_18I,362,Hampton Inn Suites Ardmore
AVwdoQnd_7pvs4fz7xO4,363,Home2 Suites by Hilton Edmond
AV1c4vmma4HuVbed5sdh,364,Browns Hill Tavern Motel
AV1dx8MuIxWefVJwfODu,365,Landmark Hotel
AVweAqEb_7pvs4fz_PEY,366,Comfort Inn Duncansville - Altoona
AVwc6Hq2ByjofQCxjf93,367,Best Western Plus Executive Inn
AVwdLoTFkufWRAb53JrG,368,Pittsburgh Marriott City Center
AVweergdIN2L1WUf5UH0,368,Wyndham Garden Pittsburgh Airport
AVzA-V9_FcQ3k02bBaVI,368,Hyatt Place Pittsburgh North Shore
AVweajUb_7pvs4fzCxKh,369,Four Flags Inn
AVwdkhgoByjofQCxqanu,370,Hampton Inn Sulphur/Lake Charles Area
AV1tgeDbRxPSIh2RbY6f,371,Hampton Inn Carrollton
AVwcsnP8kufWRAb5yC-z,120,Home2 Suites by Hilton Clarksville/Ft. Campbell
AVwcw3aBkufWRAb5ywtU,178,Americas Best Value Inn Albert Lea
AVwcrK3t_7pvs4fzxvP_,372,Quality Inn Suites
AVweSQ1r_7pvs4fzBpxr,373,Hiway Inn Express
AVweNNIG_7pvs4fzA-UF,374,Hampton Inn Easton
AVwcy4cRIN2L1WUfo-Hg,375,Shawnee Motel
AVwekMrEIN2L1WUf6JPE,376,Motel 6 Texarkana TX
AVweOxusIN2L1WUf3Hxx,377,Budget Inn Suites
AVwegUhB_7pvs4fzDnzL,378,Mesa View Inn
AV1b9RLTLD2H7whiajc2,379,Best Western Plus Classic Inn Suites
AVweYgHQByjofQCxxtmc,380,Executive Inn
AVwdH0e_IN2L1WUfsbrA,381,Best Western Palo Duro Canyon Inn Suites
AVweQHRm_7pvs4fzBXYU,382,Ballinger Inn
AVwdNYdJ_7pvs4fz3bIW,383,The Lodge Hotel
AVwd520rIN2L1WUf0O-M,384,Best Western Plus Crown Colony Inn Suites
AVwc6hUwkufWRAb50Xu1,385,Heidelberg Lodges
AVweOHQ4IN2L1WUf3CXe,386,Americas Best Value Inn Suites-Abilene Mall
AVwdK68UByjofQCxmO2g,387,Quality Inn Suites Near University
AVweggP5ByjofQCxy3w0,285,Sleep Inn Suites Tyler South
AVwc9X2oByjofQCxkCpx,141,Comfort Suites
AVwd6Smx_7pvs4fz-WXn,388,Residence Inn Laredo Del Mar
AVweOoAPkufWRAb5BHJO,68,Portland Regency Hotel & Spa
AVwcn1skkufWRAb5xPIF,30,Park 75 Lounge and Terrace
AVweBb9uIN2L1WUf1TLF,128,Fairfield Inn Appleton
AVwcj0Z7IN2L1WUfmUIt,288,Ocean Sands Resort
AVweQYUHIN2L1WUf3V6B,389,Comfort Inn Palo Alto
AVweUjWf_7pvs4fzB9tn,34,Disney's Saratoga Springs Resort & Spa
AVweMWcNIN2L1WUf2zEC,390,Best Western Plus Lacey Inn & Suites
AWBwmDwiIxWefVJwvAe-,352,SpringHill Suites by Marriott Norfolk Virginia Beach
AWE7LT6e3-Khe5l_fya-,281,Hilton Garden Inn Hampton Coliseum Central
AVwcfSa0_7pvs4fzvnWr,391,Hampton Inn Newark-Airport
AVwdmCSR_7pvs4fz7bSd,392,Best Western Cordelia Inn
AVwedPRFIN2L1WUf5F4r,283,Courtyard Myrtle Beach Barefoot Landing
AVwcqTFj_7pvs4fzxlKs,393,"The Ritz-Carlton, Dove Mountain"
AVwdFC24ByjofQCxlSXA,97,Wingate By Wyndham-Miramar
AWEw3wKka4HuVbedNR_y,237,Embassy Suites by Hilton Crystal City National Airport
AVzX38Ya-gnIPe8DTHlj,237,"The Ritz-Carlton, Pentagon City"
AWIaksGha4HuVbedO4wB,394,Best Western Capital Beltway
AVwed2jdkufWRAb5DLdS,288,Hampton Inn Norfolk/Virginia Beach
AV1js0xi3-Khe5l_OFPG,290,"The Brookshire Suites Inner Harbor, BW Premier Collection"
AWB2Z-WMa4HuVbedJ8XM,288,La Quinta Inn Norfolk Virginia Beach
AVwdIJ5jkufWRAb52k1c,395,Holiday Inn Secaucus Meadowlands
AVwdmVn6IN2L1WUfxaEp,396,Sanibel Inn
AWE7adN_a4HuVbedNc_m,397,Sonesta ES Suites Columbia Baltimore
AVwduU_iByjofQCxr6Ak,248,Esmeralda Inn
AVwdgPJD_7pvs4fz6iSB,398,Best Western Premier Crown Chase Inn & Suites
AVwcrY5MkufWRAb5x1nm,399,Econo Lodge Inn & Suites
AVwd7-CikufWRAb5-jaK,400,Courtyard Boston Woburn/Boston North
AVwcvH1UkufWRAb5ydpb,148,"Country Inn & Suites By Carlson, Carlisle, PA"
AVwcu-6KIN2L1WUfoS23,401,Best Western Kennesaw Inn
AVwdhoAukufWRAb56wPX,402,Kelleys Island Venture Resort
AWE9HAL83-Khe5l_gX5M,227,Hampton Inn Gloucester
AWE7OfxKIxWefVJwyIce,2,Ramada BWI Airport/Arundel Mills
AVwd42VKByjofQCxtYTu,134,"Extended Stay America Washington, D.C. - Springfield"
AWCAC41O3-Khe5l_cYON,288,Best Western Plus Virginia Beach
AVwdBHdI_7pvs4fz1Y6B,288,Comfort Inn Suites Virginia Beach Oceanfront
AWB4WH1Ua4HuVbedJ9Q-,281,Extended Stay America Hampton - Coliseum
AWE7ZNpGRxPSIh2Rsg6o,397,Hampton Inn Suites Columbia/South
AVweG6e1_7pvs4fzAG7n,403,Metro Points Hotel-Washington North
AVwdIrXykufWRAb52pvI,343,"Extended Stay America Washington, D.C. - Alexandria-Landmark"
AVwdA_S0IN2L1WUfrUsO,404,"Holiday Inn Express and Suites Exmore, Eastern Shore"
AVwc2_cd_7pvs4fzzttM,405,Holiday Inn Express Prince Frederick
AV48ic48a4HuVbedAUNM,237,"The Virginian Suites, an Ascend Hotel Collection Member"
AWFXTHKpa4HuVbedORFN,282,Days Inn Chincoteague Island
AVwdeXtd_7pvs4fz6Qul,406,Hampton Inn-lincolnton
AVwc_YIF_7pvs4fz1Gha,407,Super 8-wytheville
AVwc6Mep_7pvs4fz0Qmz,353,Residence Inn Naples
AWEKmFPCIxWefVJwxIvY,376,Comfort Suites-Texarkana
AWEKqq8Ea4HuVbedMYjz,408,Econo Lodge
AVwdbPhX_7pvs4fz5w4U,409,Hampton Inn & Suites Tulsa South-bixby
AVwdG4UsIN2L1WUfsSIb,350,Grand Hyatt Tampa Bay
AVwehpVcIN2L1WUf5wag,410,Inn At Cross Keys Station
AVwch2Y8ByjofQCxfPWJ,134,Stage Stop Hotel
AV1eR9no3-Khe5l_NC5U,411,Siesta Motel
AVwd6XyFByjofQCxtmNu,407,Days Inn - Wytheville
AVwc64A1ByjofQCxjoY9,412,Best Western Territorial Inn Suites
AVwdSwRLByjofQCxnk5Z,76,Riviera Motel
AVwch0HqIN2L1WUfl72L,283,Coral Beach Resort and Suites
AVwc4QuEIN2L1WUfp4qV,413,Hampton Inn & Suites Salisbury Fruitland
AVwduLVFByjofQCxr4uw,100,Four Points by Sheraton Jacksonville Baymeadows
AVweCk9q_7pvs4fz_gzl,414,Fireside Motel
AVwebENPIN2L1WUf4xbM,415,Super 8 Indio
AVwdLgX4ByjofQCxmVs3,54,Inn at Middletown
AVwdeLcmByjofQCxpdDQ,416,Courtyard Bloomington
AVwc2L3JByjofQCxi1LD,417,Four Points By Sheraton Charlotte-pineville
AVwck_Q7kufWRAb5wuLy,418,Best Western Plus Sikeston
AVwd2nIhByjofQCxtFF5,419,Bogue Inlet Motel
AVwcksZ9kufWRAb5wq5b,420,Super 8 Alton
AVwdRN9o_7pvs4fz4GIn,44,Courtyard San Antonio SeaWorld¬Æ/Lackland
AVweK9V3kufWRAb5AnT-,421,NYLO Plano at Legacy
AVweDv0bIN2L1WUf1n5A,422,Holiday Inn Express Windsor Sonoma Wine Country
AVwckt0akufWRAb5wrON,423,Bardessono
AVweQytcIN2L1WUf3ZG_,21,Holiday Inn Express & Suites Los Angeles Downtown West
AVwdCx0MkufWRAb51tYf,424,Super 8 Dubois
AVwdNLpIIN2L1WUftVK-,425,Comfort Inn Suites
AVwd3olc_7pvs4fz9-t5,426,Carter Iva
AVwc0xPhkufWRAb5zau2,427,Comfort Inn Suites
AV1th24t3-Khe5l_OxHY,428,Rodeway Inn
AVwc7MRAByjofQCxjrsp,429,Days Inn Gillette
AVwdCuq8ByjofQCxk5zA,430,Best Western Of Walterboro
AVwehtY0kufWRAb5Dwod,431,Crossland Economy Studios Spartanburg - Asheville Hwy.
AVweUPttByjofQCxxJK6,432,Hartsville Motel
AVwehoS2_7pvs4fzD0UP,433,Courtyard by Marriott Clemson
AVwddKFFIN2L1WUfwAUo,434,Sleep Inn
AVwc0k5lIN2L1WUfpRI-,434,Hampton Inn Suites Orangeburg
AVwdxAJGByjofQCxsTCV,170,Best Western Inn
AVweVPVYIN2L1WUf3_ik,435,Great View Motel
AVwecTwbByjofQCxyPd_,436,Otsego Motel
AVwdKlS8ByjofQCxmLPK,437,Best Western Dunkirk Fredonia Inn
AVwchtJ-_7pvs4fzwD7Q,438,Rodeway Inn
AVwdo3L8_7pvs4fz73Bd,439,Best Western Blackwell Inn
AVweDJhdIN2L1WUf1i63,440,Longhorn Motel
AVwdPUoeIN2L1WUftsVT,441,Quality Inn
AVweOTGlIN2L1WUf3D6X,442,Hurd La Rinconada Gallery Guest Homes
AVwdGlZskufWRAb52U8J,443,Lifts West Condominium Hotel
AVwcnmXi_7pvs4fzxH33,16,Sunshine Motel
AVwc0wA9ByjofQCximI_,340,Hiway House Motel
AVwdYtHI_7pvs4fz5Vwf,444,Best Western Executive Inn
AVweiu9v_7pvs4fzD_MD,445,Candlewood Suites Ft. Lauderdale Airport/Cruise
AVweiB6KByjofQCxzGQ0,446,Element Harrison - Newark
AVwce3a1ByjofQCxeuE8,447,Best Western Ambassador Inn & Suites
AVwc_jrNkufWRAb51LnF,448,Motel 6
AVwemxGnByjofQCxzyPO,449,Best Western Central Inn
AVweLNkgIN2L1WUf2pN7,327,Best Western Premier The Central Hotel & Conference Center
AVwdwNXh_7pvs4fz89G4,238,Best Western Old Mill Inn
AVwd-G2B_7pvs4fz-4Q-,450,Bricktown Hotel & Convention Center
AVwdvL1OIN2L1WUfyvMB,238,Residence Inn Omaha Downtown/Old Market Area
AVwcvSBvByjofQCxho9D,238,Hampton Inn Omaha Midtown-Aksarben Area
AVwc7TFBkufWRAb50f5a,451,Schooner Creek Resort
AVweUmQeByjofQCxxMQi,452,Econo Lodge
AVwdlSxoIN2L1WUfxPPR,453,Tropicana Motel
AVwdmkH7IN2L1WUfxcbW,454,Best Western Lake Okeechobee
AVwdg97PkufWRAb56pfv,455,Hampton Inn Suites Lake Mary At Colonial Townpark
AVwd_MPi_7pvs4fz_Cb6,456,Hotel Evernia
AVwclpVE_7pvs4fzwxJy,457,Hampton Inn Suites Fort Myers-Colonial Blvd.
AWEKptZG3-Khe5l_eyJY,458,Suburban Extended Stay
AVwdFPOIkufWRAb52Hfs,97,Pousada Suites
AVwc3NnkkufWRAb5zztJ,459,Holiday Inn Express Grove City (Outlet Center)
AVwdG0aT_7pvs4fz2Utt,345,Best Western Country Inn
AVwc35Mf_7pvs4fzz387,460,Hampton Inn & Suites Fremont
AVwd_dt-kufWRAb5_Cye,395,Meadowlands Plaza Hotel
AVwdcED3ByjofQCxpIRU,461,Concord Suites
AVweI3b0_7pvs4fzAX8W,310,Inn by the Lake
AVweObPHByjofQCxwXFS,398,Best Western Plus Denton Inn & Suites
AVweDf9RByjofQCxu4G9,462,Oxford Suites Silverdale
AVwdETc-_7pvs4fz16y9,265,Courtyard Louisville Airport
AVwdopzekufWRAb570nR,20,Palmeiras Beach Club at Grove Isle
AVwckxAEkufWRAb5wr0H,318,Courtyard Sunnyvale Mountain View
AVwehEtZByjofQCxy9Hr,291,Aloft Sarasota
AVwdUZ5-kufWRAb54pRh,309,"Brisas del Mar, Inn at the Beach"
AVwc3vbXByjofQCxjGPg,10,"The Dana On Mission Bay, BW Premier Collection"
AVwd27QekufWRAb593Lq,463,Ferrari's Crown Resort
AVwehklfByjofQCxzB4C,283,Aqua Beach Inn
AVwc7i2zIN2L1WUfqcza,95,Four Points by Sheraton Columbus Ohio Airport
AVwdbL8hkufWRAb55xDQ,464,Holiday Inn Express & Suites Tacoma Downtown
AVwd0HO5ByjofQCxsvv8,94,Hyatt Place Atlanta-East/Lithonia
AVweDc0gkufWRAb5_mQM,332,Holiday Inn Express & Suites Fresno (River Park) Hwy 41
AVwedQ9okufWRAb5DFsQ,465,Hilton Garden Inn Valley Forge/Oaks
AVwcsZ2uByjofQCxhJsI,466,Hyatt Place Houston/Sugar Land
AVwcwbCZkufWRAb5ysDL,134,Best Western Route 66 Rail Haven
AVwcuW-C_7pvs4fzyRmP,467,Hampton Inn Atlanta-Mall Of Georgia
AVwcm2cTIN2L1WUfm4Rj,468,"Quality Hotel & Suites ""At The Falls"""
AVweLhm1kufWRAb5AsMl,68,Holiday Inn Express & Suites Portland-Jantzen Beach
AVweYQzZIN2L1WUf4Zfa,469,Hampton Inn & Suites Camarillo
AVwd--7e_7pvs4fz_AdQ,317,Best Western Luxury Inn
AVwcssHZ_7pvs4fzyAC3,409,Sleep Inn & Suites Central/I-44
AVwdfd9zIN2L1WUfwV0M,470,Suburban Extended Stay Hotel
AVwdPkxWIN2L1WUftviL,471,Bendel Executive Suites
AV1eTUww3-Khe5l_NFwQ,471,Best Western Plus Vermilion River Suites Hotel
AVweMppnIN2L1WUf212k,471,SpringHill Suites Lafayette South at River Ranch
AVwdeqUbkufWRAb56TrI,472,"Motel 6 Lake Charles, LA"
AVwdTTE3ByjofQCxnrAh,473,Oxford Suites Boise
AVwcw6ldByjofQCxh7d4,474,Quality Inn Suites
AVweBIRTByjofQCxuiyk,475,Econo Lodge
AVwecdk9kufWRAb5C-l_,476,Mayberry Motor Inn
AVwdF54p_7pvs4fz2LL5,53,Japan House Suites
AV1eThnNa4HuVbed6wos,477,Comfort Inn South
AVwehmSGByjofQCxzCIN,478,Three Oaks Motel
AVwdiiNakufWRAb564_3,479,Hilton Garden Inn Tallahassee Central
AVwefMM2kufWRAb5DYit,479,Home2 Suites by Hilton Tallahassee State Capitol
AVwdbNKPIN2L1WUfvrq6,480,Extended Stay America Syracuse - Dewitt
AVwd7g1FkufWRAb5-fYl,469,Residence Inn Camarillo
AVwefLcrByjofQCxyrBd,168,Hilton Garden Inn Bowling Green
AVweCYS4kufWRAb5_cle,168,Quality Inn
AVwdJJWc_7pvs4fz2sLy,168,Hampton Inn Bowling Green
AVzsuPbiLD2H7whiXykw,481,Harbourfront Motel
AVwdVuRoByjofQCxoETr,482,River Side Motel Marina
AVwc_ZPqByjofQCxkXMO,483,Brentwood Lodging
AVwcvIC5_7pvs4fzyZ3q,114,Americas Best Value Inn - Charlotte
AVwc4Yue_7pvs4fzz8sE,484,North Port Motel
AVwcp0Y1ByjofQCxgsyk,485,Value Host Motor Inn
AVweT7BLByjofQCxxGNj,486,Bar Harbor Motel
AVwcyfMkkufWRAb5zCVk,486,Acadia Suites
AVwcwguUByjofQCxh3CQ,486,Robbins Motel
AVweGche_7pvs4fzACko,486,Quality Inn
AVwd18R9IN2L1WUfztHv,487,Ocean House Hotel
AWEKmvC73-Khe5l_exdd,488,Rodeway Inn
AVwdjWln_7pvs4fz7As6,489,Americas Best Value Inn Suites Grand Island
AVwcrg5zIN2L1WUfns34,490,Days Inn Mattoon
AVwc9KMbByjofQCxkAXG,491,Americas Best Value Inn Suites
AVweUEQg_7pvs4fzB5Rz,492,Paxton Inn Motel
AVwcoyGLkufWRAb5xZDn,72,Americas Best Value Inn
AVwdyBCp_7pvs4fz9N1Z,493,Hampton Inn Macomb
AVweXnn6_7pvs4fzCYBw,494,Magnuson Hotel Heritage Inn
AV1flj1e3-Khe5l_NQb1,45,Best Western Riverside Inn
AVwdQXFA_7pvs4fz38Rr,45,Best Western Regency Inn
AWEKmSZsa4HuVbedMW7A,495,Best Western Plus Peoria
AVwce-UYkufWRAb5voYL,496,Hampton Inn Champaign Urbana
AVwciv35kufWRAb5wU6P,471,Motel 6 Lafayette - University Ave
AVwePzcTIN2L1WUf3Q2t,472,Wingate by Wyndham Lake Charles Casino Area
AVwctu4EByjofQCxhYDN,370,Best Western Plus Executive Hotel Suites
AWEKnvsxRxPSIh2Rriq8,497,Quality Inn
AVwc2s2QkufWRAb5zuMI,498,The Lodge at Pebble Beach
AVweBbVfByjofQCxuldA,41,SpringHill Suites Los Angeles LAX/Manhattan Beach
AVwdJKj3_7pvs4fz2sZ1,499,Courtyard Philadelphia Plymouth Meeting
AVwd_MEhByjofQCxuRxR,500,Best Western Post Oak Inn
AVwdUhstkufWRAb54qil,500,Arrowhead Motel
AV1XW5K3-gnIPe8DWvlR,501,Frederick Hotel Cafe
AVwdp_FrkufWRAb58CGu,502,Best Western West Hills Inn
AVwduvE2IN2L1WUfyrFI,489,Best Western Plus Grand Island Inn Suites
AVwc2GJ4IN2L1WUfphVS,289,Hilton Garden Inn Lincoln Downtown Haymarket
AVweRNdM_7pvs4fzBgi3,503,Econo Lodge
AVweDsvnByjofQCxu50y,504,Berry Pond Motel
AVwdgPN-IN2L1WUfwdw4,505,Carroll Motel Cottages
AVwcwD-xIN2L1WUfoe8r,16,Americas Best Value Inn Las Vegas
AVwcptt5ByjofQCxgro9,16,Fun City Motel
AVwc65WOByjofQCxjoln,146,Hearthside Village Cottage Motel
AVwd4kYsIN2L1WUf0DcH,506,"My Place Hotel-Grand Forks, ND"
AVweO6qWByjofQCxwbLH,507,"Country Inn & Suites By Carlson, Ithaca, NY"
AVwdhv9bIN2L1WUfwsbJ,508,Courtyard Boston Andover
AVwegRKpkufWRAb5Di-N,509,Comfort Inn
AVwehEhfByjofQCxy9FY,427,Quality Inn Suites
AVwdfcZsByjofQCxpop-,510,Best Western Inn of Nacogdoches
AVweCV17IN2L1WUf1bj3,511,Executive Inn
AWCPOg2rRxPSIh2RpqQS,82,Hampton Inn Suites Indianapolis-Keystone
AVwdgDBZIN2L1WUfwbss,471,Comfort Suites
AVwcoE7vIN2L1WUfnF8Y,471,Hampton Inn Lafayette
AVwd5pcSByjofQCxtfpr,471,Courtyard by Marriott Lafayette
AVwc6uOPkufWRAb50Z2v,512,Rodeway Inn
AV1tg8laIxWefVJwhAYd,260,Hampton Inn Knoxville/Clinton I-75
AVwc-pYckufWRAb51B78,513,The Cub Motel
AVwdR1DDkufWRAb54OZF,514,America's Best Value Inn Suites
AVwdkoMR_7pvs4fz7NUN,515,Econo Lodge
AVwcqxKRkufWRAb5xukl,516,Richland Inn - Lewisburg
AV1c_eI-3-Khe5l_MeAr,449,Days Inn Savannah
AVwcnCNK_7pvs4fzxBVL,261,Best Western Dayton
AVwd6l6qByjofQCxtoVE,517,Comfort Suites
AVwd80Xi_7pvs4fz-sc2,397,Comfort Inn
AVwdF-vQ_7pvs4fz2MDf,121,Comfort Inn
AVwdedYBByjofQCxpfhj,518,Hat City Tavern
AVwdAzazByjofQCxklVH,518,Quality Inn & Suites
AVweJHMNkufWRAb5AXKd,519,Hampton Inn Suites Hudson
AVwdAJcC_7pvs4fz1PG7,520,Quality Inn East
AVwcrIWVIN2L1WUfnoSf,521,Best Western Plus Raton Hotel
AVwcw-3t_7pvs4fzyuag,522,Deer Crest Resort
AVwc4QylByjofQCxjLYZ,523,"The Pines Lodge, A RockResort"
AVwdOdQNkufWRAb53o6I,313,Crossland Economy Studios Denver - Thornton
AVwciaxnIN2L1WUfmDRr,447,Baker's Sunset Bay Resort
AVwdIKHkIN2L1WUfsfCF,165,Hampton Inn Tomah
AVwd7mjmkufWRAb5-gJy,524,Algoma Beach Motel
AVwcfg8-kufWRAb5vvJX,525,Heritage Court Motel
AV0IJ3wqLD2H7whiYXuf,519,Quality Inn
AVwddXlaIN2L1WUfwCRd,526,Kozy Rest Motel
AV1eUgT83-Khe5l_NIvH,527,Wingate by Wyndham - Joliet
AWEKmPuq3-Khe5l_ewfE,528,Hampton Inn Suites Minooka
AVwdtNL9IN2L1WUfydWO,529,Tourest Motel
AVweIbz-kufWRAb5ARjg,530,Town House Motel
AVwdwSj0ByjofQCxsMhE,530,Super 8 Freeport
AVwco5ow_7pvs4fzxWUg,531,Quality Inn Suites at Dollywood Lane
AVwcv9KIkufWRAb5ym-h,531,Hampton Inn Suites Pigeon Forge On The Parkway
AVz6h4ZP3D1zeR_xDHs1,328,Sleep Inn
AVwdSok__7pvs4fz4U5b,532,Best Western University Inn
AVwc2Til_7pvs4fzzmhS,533,Econo Lodge Inn and Suites
AVweBlu1ByjofQCxum6C,534,Fairwinds Inn
AVwc5FUvIN2L1WUfqBv-,534,Magnuson Hotel Nashville North
AVwdNXvcByjofQCxmp6B,517,Travelodge Knoxville West
AVwdrHtckufWRAb58Ncf,397,Super 8 Columbia
AVweMpa5kufWRAb5A2O7,517,Hampton Inn Suites Knoxville Papermill Drive
AVwdJThGkufWRAb52wY1,535,Econo Lodge Inn Suites
AVwdQT-0_7pvs4fz37uD,535,Comfort Suites
AV1eUB93RxPSIh2RZ522,536,Comfort Suites
AWFFx0t_3-Khe5l_gouq,475,Hampton Inn Suites Richmond
AVwdvDXGByjofQCxsAiz,226,Days Inn & Suites Madison
AVwdLgAB_7pvs4fz3F80,481,Residence Inn Lexington North
AVwd5W9XkufWRAb5-MxP,537,Holiday Inn Ames Conference Center At Isu
AVwdRKnh_7pvs4fz4FkJ,479,Governor's Inn
AVwdoWqX_7pvs4fz7yJs,159,Ambassador Hotel
AVwdDE1H_7pvs4fz1tWn,226,Magnuson Grand Hotel
AVweQ3W7_7pvs4fzBdov,319,Comfort Suites
AV1flIFgIxWefVJwfjV0,319,Courtyard by Marriott Sioux Falls
AVwc56Le_7pvs4fz0Nb_,17,Four Points by Sheraton Miami Beach
AVwc1BxfIN2L1WUfpWQh,538,Hyatt Place Dallas/Las Colinas
AVzA-lh4FcQ3k02bBahx,409,Renaissance Tulsa Hotel & Convention Center
AVweHXMFIN2L1WUf2HLA,101,Comfort Inn & Suites
AVwdpk-ckufWRAb579_P,350,Baymont Inn & Suites Tampa near Busch Gardens / USF
AVzOLKKGLD2H7whiWaQA,316,Embassy Suites by Hilton Nashville Airport
AVwdRcddkufWRAb54KH3,539,Residence Inn Annapolis
AVweBvbiIN2L1WUf1WH9,313,Hampton Inn & Suites Denver Tech Center
AVwcrU0yIN2L1WUfnqmO,97,Quality Inn & Suites Airport/Cruise Port South
AVwcfADZIN2L1WUflcq2,10,DoubleTree by Hilton Golf Resort San Diego
AVwcmcqPkufWRAb5w-y1,308,Holiday Inn Express Charleston Dwtn - Ashley River
AVwdPtvAByjofQCxnEBD,540,Hyatt Regency Monterey Hotel and Spa on Del Monte Golf Course
AVwch8UZ_7pvs4fzwG7j,541,Holiday Inn Express & Suites Carpinteria
AVwdiEWP_7pvs4fz60Lc,542,The Capri Hotel
AVwdZv04ByjofQCxovcE,543,Savanna Inn & Suites
AVwcgpWv_7pvs4fzv2_k,544,Braidwood Motel
AVwdxcGQByjofQCxsXWr,545,Fairfield Inn Kankakee Bourbonnais
AVwc40Us_7pvs4fz0Box,30,Courtyard Atlanta Airport South/Sullivan Road
AVwcyqskIN2L1WUfo7u7,30,Days Inn College Park Airport Best Road
AVwcobY2kufWRAb5xVG7,546,Red Roof Inn Lansing East - Michigan State University
AVwc1J5lByjofQCxiqZT,547,Comfort Suites At Eglin Air Force Base
AVwcohF6IN2L1WUfnK7O,548,Four Points by Sheraton Punta Gorda Harborside
AVwdfUT2_7pvs4fz6ZGu,549,The London West Hollywood
AVwd9pz7IN2L1WUf0xla,14,Harborside Inn
AVwdwFIEkufWRAb587Ef,550,The Westport Inn
AVwdms0k_7pvs4fz7iCg,341,Best Western Plus Lake Elsinore Inn & Suites
AVweR0uI_7pvs4fzBl8u,551,Guerneville Lodge
AVwckL-d_7pvs4fzwg58,25,The Carneros Inn
AVweK5-wByjofQCxv41g,552,Super 8 Lavonia
AVwd1buK_7pvs4fz9r3n,350,Jayhawk Motel
AVwdn97zIN2L1WUfxqJg,262,Comfort Inn Red Hook
AVwcwSXiIN2L1WUfohjW,450,Quality Inn Oklahoma City Airport
AVwdjz2H_7pvs4fz7FZA,16,Nobu Hotel at Caesars Palace
AVwc2Wn-ByjofQCxi3DK,553,Grand Hyatt Kauai Resort & Spa
AVwdw3lv_7pvs4fz9DOJ,308,The Restoration
AVwdBTWVIN2L1WUfrYF3,132,Hyatt Place Chantilly Dulles Airport South
AVweTd2XIN2L1WUf3wZ1,554,Ramada Bordentown
AVwctyZkIN2L1WUfoF2k,350,Hilton Garden Inn Tampa East/brandon
AVwd14lTIN2L1WUfzsgz,555,Hampton Inn-fairfax City
AVwc9057IN2L1WUfq0Vf,556,The Inn At Virginia Tech And Skelton Conference Center
AVweNkj4kufWRAb5A-MA,171,Home2 Suites By Hilton Greenville Airport
AVwcoMCE_7pvs4fzxOQ6,557,Ludlow Village Inn & Suites
AVweL5sn_7pvs4fzAyoj,517,Inn Of Knoxville
AVwd5A0hIN2L1WUf0HYx,168,"Country Inn & Suites By Carlson, Bowling Green, KY"
AVwdYcSs_7pvs4fz5Sz5,168,Drury Inn Bowling Green
AVwc8morkufWRAb50tS8,31,Clarion Hotel Anaheim Resort
AVwcrALLByjofQCxg5vg,481,Motel 6
AVwc8kL0IN2L1WUfqno4,558,Best Western Premier Energy Corridor
AV1duqYRRxPSIh2RZeyw,293,Best Western Executive Inn Suites
AVweXVo8IN2L1WUf4Rhl,559,Comfort Inn Suites
AWFFwvTpIxWefVJwywC8,560,Hampton Inn Suites Camp Springs/Andrews AFB
AVwdT6nuIN2L1WUfueWU,219,Home2 Suites by Hilton St. Louis/ Forest Park
AVwdDWGe_7pvs4fz1waT,449,Comfort Suites Historic District
AVweLc3nIN2L1WUf2rSf,561,Hampton Inn Augusta/Gordon Highway
AVwdLzgsIN2L1WUftGHN,562,Kalispell Grand Hotel
AVwciXwCkufWRAb5wQoY,563,Holiday Inn Express & Suites Helena
AVwdmG6pByjofQCxqqlD,564,San Ramon Marriott
AVwdfLgKIN2L1WUfwTDo,565,Extended Stay America Atlanta - Duluth
AVweDmY3ByjofQCxu45r,566,Hampton Inn Suites Minneapolis/Downtown
AWEw--2R3-Khe5l_fuXk,567,Rodeway Inn
AVwdiv_oIN2L1WUfw2ST,450,Best Western Greentree Inn & Suites
AVwce-r0ByjofQCxevYU,265,Galt House Hotel
AVwehabgkufWRAb5Dtwg,38,Millennium Hotel Durham
AVwc86f6IN2L1WUfqrX4,568,Diamond Inn
AVzBLH7C-gnIPe8DSkd5,450,Courtyard Oklahoma City Northwest
AVwdhqELIN2L1WUfwrpG,155,Comfort Inn & Suites
AVwc7s33_7pvs4fz0gsE,409,Holiday Inn Express Tulsa-Woodland Hills
AVwdME1m_7pvs4fz3Mdy,569,Days Inn Elk Grove Village/chicago/ohare Airport West
AVwdFWbu_7pvs4fz2Fw9,450,Carlyle Motel
AVwdHZ8IByjofQCxlqQL,473,Modern Hotel & Bar
AVwdeDTyByjofQCxpbxW,92,Hilton Cleveland Downtown
AVwcp3RrkufWRAb5xkVr,7,King George Hotel
AVwdp57LIN2L1WUfx9jx,146,Residence Inn Allentown Bethlehem/Lehigh Valley Airport
AVwec3DuIN2L1WUf5Cif,269,Lobby Bar
AVwc0qs5_7pvs4fzzV6q,257,Residence Inn Sacramento Airport Natomas
AVwcyB1VkufWRAb5y9qO,570,Comfort Suites Columbia Gateway
AVwc1VAjByjofQCxisUh,275,Residence Inn Baltimore BWI Airport
AVwd48qU_7pvs4fz-Kqw,456,Hyatt Place West Palm Beach/Downtown
AVwdC-utByjofQCxk8Zp,171,Holiday Inn Express & Suites Greenville
AVwddCFckufWRAb56Esb,559,Extended Stay America - Detroit/Ann Arbor - University South
AVwc0od1kufWRAb5zZEu,571,Best Western Plus Mid Nebraska Inn & Suites
AVwdTiJ0_7pvs4fz4er6,283,Dunes Village Resort
AVwcodRYkufWRAb5xVar,447,Wilderness On The Lake
AVwcwLYaByjofQCxhzPp,269,Aloft Houston by the Galleria
AVwdLyGTByjofQCxmYtr,269,Club Quarters Hotel in Houston
AVwdZUqUIN2L1WUfvX1-,563,Fairfield Inn Helena
AVwdRH7-_7pvs4fz4FJ5,572,Hyatt House Pleasanton
AV1eS2suRxPSIh2RZ3G4,573,Best Western Plus Ruidoso Inn
AVwdCh5NkufWRAb51qsC,574,Admiral's Ocean Inn
AVwdAPPNByjofQCxkfz8,575,Quality Inn Bedford
AVwdYBya_7pvs4fz5O1m,374,Best Western Plus Easton Inn Suites
AVwc_AdeIN2L1WUfrAQc,576,Sleep Inn Suites Harbour Pointe
AV1dAdj93-Khe5l_Mf_H,577,Luray Caverns Motel East
AVwdKJeSkufWRAb525Zk,578,Grey Gables Mansion
AVwchXZykufWRAb5wEPG,579,Robert Frost Mountain Cabins
AVweb2I5IN2L1WUf44wk,376,Hampton Inn Texarkana Arkansas
AVweBrj-IN2L1WUf1Ve9,80,Sleep Inn Suites
AVwdcE1CByjofQCxpIZm,580,Quality Inn Suites Canton
AVwc4_NSIN2L1WUfqAvs,219,Pear Tree Inn St. Louis Near Union Station
AVwd4FzV_7pvs4fz-CvU,581,Hilton Garden Inn Anaheim-Garden Grove
AVwdN3xQIN2L1WUftcHN,114,Sonesta Es Suites Charlotte
AVwdKYkIkufWRAb5278r,582,Quality Inn
AVwchQut_7pvs4fzv-NP,114,Hyatt Place Charlotte Airport/lake Pointe
AVwdMQ1dByjofQCxmeAV,583,St George Motor Inn
AVwcx_jnByjofQCxiH38,584,250 Main Hotel
AV0aKldgLD2H7whiZV4z,585,Lydia Johnson Inn
AVwdKCWl_7pvs4fz2152,471,Wyndham Garden Lafayette
AVwd5J11IN2L1WUf0IwM,586,Budget Inn
AVwc_AL3kufWRAb51Fs_,587,Olivia's Bridge Street Inn
AV1c4fcP3-Khe5l_MBlT,588,The Oaks Hotel
AVwcfjQHByjofQCxe2Gz,589,Hampton Inn Brentwood
AVweI1bPkufWRAb5AU9i,590,Norwalk Inn & Conference Center
AVwcinryIN2L1WUfmFw3,308,King Charles Inn
AVwc_Ok-IN2L1WUfrCnK,97,Walkabout Beach Resort
AVwcn_gs_7pvs4fzxMRD,28,Maxwell Hotel
AVwc6_9sByjofQCxjpxZ,591,Cave Mountain Motel
AVweM2Xl_7pvs4fzA7OA,449,Holiday Inn Savannah Historic District
AVwcvPudkufWRAb5yfGh,105,Sea Captain Resort On The Bay
AVwdJnhj_7pvs4fz2xTN,496,Urbana Inn & Suites
AWE7eU3BRxPSIh2RsjBu,592,Quality Inn & Suites Jefferson City
AVwd5l5LkufWRAb5-Oz1,85,Sunbeam Motel
AVwdMuQ1kufWRAb53WBV,262,Kings Hotel
AVwckpvX_7pvs4fzwl_a,369,Brown Hotel
AVwcxm5S_7pvs4fzy1gQ,261,Hawthorn Suites By Wyndham Dayton North
AVwcvDNLkufWRAb5yc4L,593,Hampton Inn Greenville/simpsonville
AVwdRpzaByjofQCxnZQ8,157,Red Roof Inn Allentown Airport
AVweVteHByjofQCxxV-T,594,Hampton Inn & Suites Little Rock-downtown
AVwee2ex_7pvs4fzDZj5,595,The Inn At Crested Butte
AV1c7KRqRxPSIh2RY4wt,596,Hangar Hotel
AV1eTHJWa4HuVbed6vFu,597,Austria Haus Hotel
AVwc2FDh_7pvs4fzzkAr,598,Hampton Inn & Suites New Albany Columbus
AVwc_NK1kufWRAb51Hzf,95,Comfort Suites East Broad At 270
AVwcugVE_7pvs4fzyTYc,262,Hotel Luxe
AVwdq1C9ByjofQCxrZiT,97,Caribbean Resort By The Ocean
AVwc_cfckufWRAb51KWR,68,Radisson Hotel-Portland Airport
AVwdkc9TIN2L1WUfxG-M,103,Grand Prix Motel
AVweK_94kufWRAb5Antu,450,Wingate By Wyndham Oklahoma City Airport
AVwdfpBRByjofQCxpqoc,68,Viking Motel
AVweE6M6IN2L1WUf1xr2,599,Crowne Plaza Hotel Nashua
AVwed-yWIN2L1WUf5NSx,18,The Maritime Hotel
AVwdLuhokufWRAb53Kua,450,Hilton Garden Inn Oklahoma City-Bricktown
AVwc9DlEIN2L1WUfqsqL,600,Waterfront Place Hotel
AVwdtuoFByjofQCxr08w,601,Element Denver Park Meadows
AVwchf6wIN2L1WUfl4Ez,28,Warwick Seattle Hotel
AVwdF7N0ByjofQCxlbBF,171,"The Westin Poinsett, Greenville"
AVwedbstByjofQCxyZ5i,602,Best Western Orchard Inn
AVwdCEmLByjofQCxkylh,107,Best Western Adirondack Inn
AVwc2rCTkufWRAb5zt6J,603,Oxford Suites Redding
AVwc1FvUByjofQCxipvD,70,Fairfield Inn Suites Austin-University Area
AVweW7kQByjofQCxxgNE,70,Drury Inn Suites Austin North
AVweU0vj_7pvs4fzCALn,604,Best Western Desert Inn
AVwc_rwDByjofQCxkaXN,605,Hilton Garden Inn Yuma Pivot Point
AVwckMrdkufWRAb5wllt,605,Arizona Inn Suites
AVwcn4vw_7pvs4fzxLJj,50,Western Hills Motel
AVwcwUbT_7pvs4fzynMq,50,Rodeway Inn Suites
AVwd3OXr_7pvs4fz97MM,606,Quality Inn
AVwcte5YByjofQCxhVYS,606,The Grand Highland Hotel
AVweVjEFkufWRAb5CCvi,481,Home2 Suites by Hilton Lexington University / Medical Center
AVwcwBaz_7pvs4fzykCo,481,Sleep Inn
AWE71D_hIxWefVJwyO98,607,Econo Lodge
AVwemRsOIN2L1WUf6cCe,608,Wingate by Wyndham LaGrange-Callaway
AVwdzqms_7pvs4fz9cNO,609,Hampton Inn Elkins
AV1thbpR3-Khe5l_Ovyh,610,Quality Inn Colchester - Burlington
AVwc-JwIIN2L1WUfq3r-,611,Quality Inn
AWE703bh3-Khe5l_f-iy,612,Baymont Inn Suites - Tullahoma
AVweT-X4IN2L1WUf30aw,613,The Stardust Motel
AVwdik7FByjofQCxqHmQ,95,Git's Big Sky Motel
AV_2L3v1RxPSIh2RoCSt,170,Home2 Suites by Hilton Florence Cincinnati Airport South
AVweNqvL_7pvs4fzBCRY,265,Comfort Inn Suites Airport and Expo
AVwdpmKskufWRAb57-Mw,614,Mills Park Hotel
AV1tg3ASRxPSIh2Rbbgq,615,Hampton Inn Suites Cincinnati/Uptown-University Area
AVwdXhEg_7pvs4fz5Jcn,616,The Captain's Manor Inn
AVwd_WMCkufWRAb5_B7i,617,Hampton Inn Suites West Des Moines/SW Mall Area
AV1tgZ7ca4HuVbed8TZK,618,"Super 8 Fairview Heights, St. Louis"
AVwd3D9JkufWRAb594Sj,619,Hampton Inn & Suites Dupont
AVwdOJKHByjofQCxmyAO,100,Econo Lodge
AV1eTj86IxWefVJwfccW,45,Comfort Suites
AVwdkucOkufWRAb57OSJ,15,Empress Hotel
AVwdmbC0_7pvs4fz7fLt,620,Hilton Garden Inn Shreveport Bossier City
AVwc5AUsByjofQCxjTsN,621,Litson Villas
AVwc2qWJIN2L1WUfpnng,134,Hampton Inn & Suites Springfield/Downtown
AVwciAfv_7pvs4fzwHfE,622,Best Western Hilliard Inn Suites
AVweiiVQ_7pvs4fzD9f3,340,Ramada Albuquerque East
AVwc7Say_7pvs4fz0cTU,623,Best Western Mesquite Inn
AVwcrf3WByjofQCxg_pl,624,Colorado Belle Hotel And Casino
AVwcjLxGkufWRAb5wZ24,625,Hilton Garden Inn Kankakee
AVwcv176_7pvs4fzyiBK,626,Cameo Bar at Viceroy Santa Monica
AVwdD7o4kufWRAb515wr,627,Holiday Inn Express & Suites Tupelo
AVwc6veOkufWRAb50aEF,628,Sleep Inn & Suites Van Buren
AVwd9xfEByjofQCxuFF8,42,Fiesta Henderson Hotel & Casino
AVwcpfFpkufWRAb5xgmr,44,Drury Inn Suites San Antonio Riverwalk
AVwejMBmkufWRAb5D--V,283,Red Parrot Cafe @ Breakers Resort
AV1tiALd3-Khe5l_OxeJ,44,Drury Inn Suites San Antonio North Stone Oak
AVwcgoceIN2L1WUfluZ2,237,Hampton Inn Suites Dallas-Arlington North-Entertainment District
AVwdtqsX_7pvs4fz8l0Z,629,Days Inn Portage
AVwcttFyIN2L1WUfoE5G,630,The Niantic Inn
AVweH7Q1_7pvs4fzAQIg,631,Americas Best Value Inn-weatherford
AVwdEex-kufWRAb51_kQ,632,Village Inn & Suites
AVwctD7b_7pvs4fzyD7J,421,Hyatt Place Dallas Plano
AVwdSL7dIN2L1WUfuMMQ,397,Courtyard Columbia
AVwcnnH9IN2L1WUfnAfW,633,Element Basalt - Aspen
AVwdrL71kufWRAb58ONY,49,Baton Rouge Marriott
AVwegRCDIN2L1WUf5jby,634,Seaside Inn
AVwcxNfT_7pvs4fzyxCU,283,Hampton Inn Myrtle Beach-Northwood
AVwdQNOhByjofQCxnJpN,230,Comfort Suites Highlands Ranch Denver Tech Center Area
AVweBt7ekufWRAb5_Ww6,475,Comfort Suites
AVwdXngiByjofQCxoZGE,409,Desert Hills Motel
AVwc4PdrByjofQCxjLOH,635,Days Inn Fort Wayne
AVweMtDiByjofQCxwIf5,580,Hampton Inn Suites Detroit-Canton
AVwddiIskufWRAb56JOp,636,Quality Inn Troy
AVweXjkKkufWRAb5CTgt,10,Hampton San Diego-Kearny Mesa
AVwc1F3fIN2L1WUfpW5-,637,Inn At The 5th
AVwdBMcp_7pvs4fz1Zv4,425,Atlas Motel
AVwd1ysZByjofQCxs-N5,638,Hampton Inn-elmira/horseheads
AVwc99vI_7pvs4fz03nG,639,Home2 Suites By Hilton Gainesville
AVwdGS8-ByjofQCxlfGE,640,Hilton Garden Inn Akron
AVwdPOIWIN2L1WUftrRK,539,"Country Inn & Suites By Carlson, Annapolis,"
AVwc1t-FkufWRAb5zkAS,480,Americas Best Value Inn-east Syracuse
AVwec5IOByjofQCxyU9Z,447,Alakai Hotel & Suites
AVwdfya-IN2L1WUfwY7B,641,My Place Hotel-dickinson Nd
AVwcu--CkufWRAb5ycKI,281,Blue Jay Motel
AVwckZspkufWRAb5wns9,21,W Los Angeles - West Beverly Hills
AVwejXZhIN2L1WUf6A9l,642,Dillon Motel
AVzj61sFLD2H7whiXWvv,643,Americas Best Value Inn Bighorn Lodge
AV1eT2MnRxPSIh2RZ5aK,644,Best Western Inn Suites
AV1tgeI43-Khe5l_OqL5,597,Vail Racquet Club Mountain Resort
AVwc-6nWIN2L1WUfq_Rx,645,Grand Imperial Hotel
AVwdQeSUByjofQCxnMdM,646,Sleep Inn Suites
AVwcq3c9ByjofQCxg4Iw,646,Comfort Inn
AVweisiYIN2L1WUf56hQ,647,Cougar Land Motel
AVwdnVT4_7pvs4fz7oQP,648,Prospector Motel
AVwdJnQukufWRAb52zqQ,649,Church Landing at Mill Falls
AVwcl2Qh_7pvs4fzwzs6,650,The Winnfield Lodge
AVwdjJDaIN2L1WUfw53Z,68,The Benson Hotel
AVwcoZmUByjofQCxgcjd,651,Best Western Paradise Inn of Nephi
AVwdlzJ5ByjofQCxqnfu,355,Americas Best Value Inn - Corpus Christi/Port Aransas
AVwc17-JByjofQCxiydp,3,Residence Inn Portland North / Vancouver
AVwdmhR8IN2L1WUfxb7b,652,Best Western Yuba City Inn
AVweJF-HkufWRAb5AW-s,542,Hummingbird Inn
AVwc4KZE_7pvs4fzz6k4,653,Best Western Black Hills Lodge
AVwdUMFYIN2L1WUfuhAe,654,Comfort Inn
AVwd7XXKkufWRAb5-eHh,97,Holiday Inn Ft. Lauderdale-Airport
AVwecF7_IN2L1WUf47Ju,655,Best Western Kings Quarters
AVweSUvXByjofQCxw4zd,237,Americana Hotel
AVwcnNDb_7pvs4fzxDju,656,Holiday Inn Express & Suites Newport South
AVwdAGHiByjofQCxkete,16,Siena Suites
AVwcjhtQ_7pvs4fzwZNe,80,Quality Inn Suites
AVwdKgNv_7pvs4fz26-b,313,Aloft Denver Downtown
AVwcyP45_7pvs4fzy8DN,657,Courtyard Chattanooga Downtown
AVwctKf2IN2L1WUfn-5E,479,Quality Inn Suites
AVweRVJPByjofQCxwwK8,658,Hampton Inn New Bedford/Fairhaven
AVwdj5J_kufWRAb57GTN,639,Rodeway Inn
AVwcyOnzByjofQCxiKAI,97,Ocean Drive Villas
AVweG6dMIN2L1WUf2DYu,456,Hampton Inn West Palm Beach Central Airport
AVwdStur_7pvs4fz4Vw4,603,Motel 6
AVwdBMQSByjofQCxkppl,308,The Mills House Wyndham Grand Hotel
AVwdngfxkufWRAb57pgM,659,Hyatt Place Milford
AVweZN42_7pvs4fzClpB,49,Best Western Plus Richmond Inn & Suites-Baton Rouge
AVweADoNByjofQCxuZD0,660,"Country Inn & Suites By Carlson, Marinette, WI"
AVwcuP1bByjofQCxhdmm,661,Baymont Inn & Suites-holland
AVwcp0f3ByjofQCxgszY,662,Holiday Inn Express & Suites Carmel-north Indianapolis
AVwcizCGByjofQCxfbBv,589,Hilton Garden Inn Nashville Brentwood
AVwc76DDIN2L1WUfqgpv,663,Days Inn Faribault
AV1flKIERxPSIh2RZ_qT,664,Days Inn-ellis
AVwc0A7KByjofQCxidZX,641,Hampton Inn & Suites Dickinson
AVwdVxHt_7pvs4fz42YS,665,Courtyard Scranton Wilkes-Barre
AVwd6MDjIN2L1WUf0SCn,122,Best Western Twin Islands
AVwdrUH9IN2L1WUfyLtz,666,Morongo Casino Resort & Spa
AVwc5rFrByjofQCxjbI9,667,Aloft Detroit at The David Whitney
AVweRUhDIN2L1WUf3dwN,82,Fairfield Inn & Suites Indianapolis Downtown
AVwcpVEqByjofQCxgnPU,368,Hotel Indigo Pittsburgh East Liberty
AVwcvG4kByjofQCxhm_k,34,DoubleTree by Hilton Hotel Orlando at SeaWorld
AVwdVFGMByjofQCxn9fU,279,Days Inn
AVwczZzfByjofQCxiWrI,668,The Westin Washington Dulles Airport
AVwdxLDrIN2L1WUfzCEi,669,Comfort Inn Suites
AVwcw7D5IN2L1WUfoorC,670,Best Western Wapakoneta Inn
AVwdTEyTByjofQCxnojP,611,Hampton Inn Suites Monroe
AV1thRNIIxWefVJwhCPm,671,Hampton Inn Galax
AVwdIoEIIN2L1WUfsjZa,672,Comfort Inn
AVwc2wu5ByjofQCxi7l9,673,Hampton Inn Lebanon
AVweSJFykufWRAb5BlKg,313,Red Lion Inn Suites Denver Airport
AVzj7L9vFcQ3k02bComN,674,Mesa Verde Motel
AVwc_sPfByjofQCxkadY,675,Comfort Inn
AVwdjdgQIN2L1WUfw8zO,676,The Norwood Inn
AVwc6ahtkufWRAb50Wq7,677,Comfort Inn
AVwdBQMu_7pvs4fz1aWU,678,Residence Inn Decatur Forsyth
AVwdps4gkufWRAb57_RI,648,Americas Best Value Inn Grand Junction
AVwd6GpXByjofQCxtjxX,679,Comfort Inn
AVwdKfPSkufWRAb529Gj,680,Best Western Casino Inn
AVwckPqFkufWRAb5wmD2,681,Rodeway Inn Suites Downtowner-Rte 66
AVwcp6rJkufWRAb5xk6d,682,Port Motel
AVwcoI15kufWRAb5xSDb,450,Ramada Oklahoma City Near Bricktown
AVweYgEQIN2L1WUf4bg9,137,Econo Lodge
AVweDjqmkufWRAb5_nSL,450,"Ambassador Hotel Oklahoma City, Autograph Collection"
AVwdOfg2_7pvs4fz3nQv,662,Residence Inn Indianapolis Carmel
AVweKwUFkufWRAb5Alqj,82,Staybridge Suites Indianapolis-Carmel
AVwcvbh6ByjofQCxhqkB,683,Hilton Garden Inn Jonesboro
AVwcoBudkufWRAb5xQ4d,150,Best Western Plus The Inn at King of Prussia
AVwdiqKWByjofQCxqIWs,684,Best Western Plus Rama Inn
AVwcjj8mkufWRAb5wePc,627,Best Western Plus Tupelo Inn & Suites
AVweNZ3sIN2L1WUf28Q5,281,Best Western Hampton Coliseum Inn
AVwdAGsqkufWRAb51R0n,685,Hampton Inn Suites Leesburg
AVwc70fJ_7pvs4fz0hwm,122,Jack Huff's
AVweLlxcByjofQCxv-pm,686,Quality Inn Suites
AVwc6WwdByjofQCxjiqU,108,Old Colonial Motel
AVwdDFx5IN2L1WUfrq4i,687,Comfort Inn
AVwdKn0VIN2L1WUfs422,688,Americas Best Value Inn Jonesville
AVwdHgCJkufWRAb52eW9,689,Harrison Street Inn
AVwc-U9c_7pvs4fz07ST,147,"Home2 Suites by Hilton Erie, PA"
AVwdiY_dkufWRAb563jq,690,Hilton Garden Inn Buffalo Downtown
AVweXH1XkufWRAb5CP89,690,Home2 Suites by Hilton Buffalo Airport/Galleria Mall
AVwcj6G_kufWRAb5wiCP,147,Quality Inn Suites Conference Center
AVwdDngaByjofQCxlDbv,691,Tupper Lake Motel
AVweCO4p_7pvs4fz_dfn,507,Hilton Garden Inn Ithaca
AVwdLsQUkufWRAb53KXI,692,Catskill Rose Lodging Dining
AVwcfTze_7pvs4fzvnrH,693,Crossland Economy Studios Salem - North
AVwdxVLG_7pvs4fz9Hv-,694,SpringHill Suites Denver North/Westminster
AVweAlEkkufWRAb5_MLJ,695,Hampton Inn Concord/Bow
AVwd3bE8IN2L1WUfz5fz,566,Super 8 Bloomington/Airport
AV1flwEc3-Khe5l_NQgC,95,Days Inn Columbus Airport
AV1eSrxWa4HuVbed6uJA,696,Americas Best Value Inn - Medical Center / Lubbock
AVweFFJ8_7pvs4fz_2Z6,496,Urbana Landmark Hotel
AWE85RGda4HuVbedN5Mp,697,Quality Inn
AVwdnkMSByjofQCxq5IK,698,Alpine River Suites
AVwel2fpIN2L1WUf6YOc,699,Best Western Dartmouth Inn
AV1thPkIRxPSIh2Rbd0g,657,Economy Inn
AVwdqHqb_7pvs4fz8ECS,700,Shamrock Country Inn
AVwdNsjLIN2L1WUftaK1,701,Best Western Merrimack Valley
AVweSsy-kufWRAb5BqZh,64,Wingate By Wyndham Alpharetta
AVwdLZsIkufWRAb53HEC,702,Best Western Mcdonough Inn & Suites
AVweHqHmIN2L1WUf2J57,703,Silverstone Inn & Suites
AV1eToleIxWefVJwfcob,629,Best Western Plus-portage Hotel & Suites
AVwdxgWbkufWRAb59IJa,704,Hampton Inn Hilton Head
AVwc0KG7_7pvs4fzzQPi,309,Blue Sands Motel
AVwcmA4lIN2L1WUfmuqr,705,The Park On Main Hotel
AVwc9SLq_7pvs4fz0we5,690,Aloft Buffalo Airport
AVwc2VrtByjofQCxi25D,97,Enchanted Isle Resort
AVwdH_hE_7pvs4fz2goy,662,Hampton Inn Indianapolis/carmel
AVwdHZjC_7pvs4fz2au_,457,Suburban Extended Stay Hotel
AVwdb_kt_7pvs4fz55eY,352,Norfolk Country Inn & Suites
AVwdISUEByjofQCxly66,219,Residence Inn St. Louis Galleria
AVwcsIglByjofQCxhGqI,706,Hampton Inn Kingsland
AVwd3cM2ByjofQCxtMDU,707,Hemlock Hall
AVwciRDBByjofQCxfUj4,708,Christy's Motel
AVweLQFEByjofQCxv70t,340,Home2 Suites by Hilton Albuquerque/Downtown-University
AVwdf2GAkufWRAb56ehu,166,Motel 6 Santa Fe - Cerrillos Road South
AV1eSxIH3-Khe5l_NEKD,709,Americas Best Value Inn Pryor
AVwdTNQcIN2L1WUfuXG6,450,Days Inn Oklahoma City/Moore
AVwcoi3VkufWRAb5xWYR,635,Best Western Plus Fort Wayne Inn Suites North
AVwdUM44_7pvs4fz4leH,710,Sands Resort
AVwdHomB_7pvs4fz2dSO,397,Best Western Plus Columbia North East
AVweh-i3ByjofQCxzFv2,481,Comfort Suites Lexington
AVwcrNvj_7pvs4fzxvzo,561,Super 8 Augusta
AVwc26VbByjofQCxi9HV,561,Comfort Suites
AVwc7Qx9ByjofQCxjsf8,283,Crown Reef Beach Resort and Waterpark
AVwdNgqSIN2L1WUftYV0,711,Motel 6 York North
AVwda3B-IN2L1WUfvoCd,712,Quality Inn
AVwdDhFSkufWRAb511TE,713,Bass Harbor Cottages and Country Inn
AVwc2mIrIN2L1WUfpm46,714,Chebeague Island Inn
AV23rYbbIxWefVJwjO4a,715,Best Western Plus Lake Front Hotel
AVwec6Il_7pvs4fzDGys,716,Sailor Jack Ocean Front Motel
AVwdBhC1ByjofQCxktMW,717,Motel 6
AVwemomx_7pvs4fzEjTa,615,Millennium Hotel Cincinnati
AV1eS_1iIxWefVJwfbSC,343,Best Western Of Alexandria Inn & Suites & Conference Center
AVwcnnZvkufWRAb5xMaa,718,Days Inn Greeley
AVweRtPt_7pvs4fzBk5a,108,Royal Anchor Resort
AVweTl96IN2L1WUf3xbq,70,Home2 Suites by Hilton Austin North/Near the Domain
AVwc_pMmkufWRAb51Mpq,719,Super 8 Midland
AWE2I5Nv3-Khe5l_fxSI,720,Hampton Inn Odessa
AVwc7A4mkufWRAb50c7D,92,Mountain View Inn
AVwdLpN1kufWRAb53J1z,473,SpringHill Suites Boise Parkcenter
AVweC5sZByjofQCxuzI-,721,Econo Lodge Inn Suites
AVwc15Vm_7pvs4fzziHL,623,Solstice Motorcoach Resort
AVwcpGlGIN2L1WUfnRmb,722,Hilton Garden Inn Richmond Airport
AVwdf_AlByjofQCxpuGj,103,Daytona Shores Inn And Suites
AVweeObzIN2L1WUf5Pdb,195,Hampton Inn Suites Deland
AVwc9Ma4kufWRAb50y2U,451,Kimberling Oaks Resort
AVwegRxpkufWRAb5DjDF,522,Timber Creek Chalets
AVwdjhx2IN2L1WUfw9fj,723,The Mountain Inn
AWE8DmwzRxPSIh2RsqE3,280,Americas Best Value Inn New Philadelphia
AVweaPQMByjofQCxx8X2,95,Hampton Inn Suites Columbus/University Area
AVwdQlmrIN2L1WUft68_,721,Rodeway Inn
AV1eTBB-RxPSIh2RZ3tP,724,Blue Gentian Lodge
AVwegJ9-ByjofQCxy0ab,725,Comfort Suites
AVwcmxTz_7pvs4fzw-Ld,6,Jameson Inn - Perry
AWE7_G_fRxPSIh2Rsot1,531,Microtel Inn Suites by Wyndham Pigeon Forge
AVwekYtJ_7pvs4fzEPLW,192,Springhill Suites Pensacola
AVwelOCmIN2L1WUf6Spq,192,TownePlace Suites Pensacola
AVwcxZSWkufWRAb5y2wv,219,Drury Plaza Hotel St. Louis at the Arch
AVwdUbF0IN2L1WUfujkl,726,Wilbraham Inn
AVwclkvmByjofQCxf8Ra,727,Relax Inn
AVwctHQpIN2L1WUfn-Rp,728,Hampton Inn Baltimore/white Marsh
AVwdPtI6IN2L1WUftxA0,97,Neptune Hollywood Beach Hotel
AVwcos3ZkufWRAb5xYF0,729,Best Western
AVwc4NiY_7pvs4fzz7Id,730,Lexington Inn At Jfk Airport
AVwc2TYnByjofQCxi2dW,731,Budget Inn
AVwdBbw2IN2L1WUfrZjp,732,Holiday Inn Express Wilkes-barre/scranton (airport)
AVwdreRhkufWRAb58RD3,733,Best Western Plus Goodman Inn & Suites
AVwcsz89_7pvs4fzyBb3,734,Country Inn&Suites By Carlson
AVweYDZ1kufWRAb5CXzQ,140,Neal's Court
AVwc69WpkufWRAb50cQn,735,Americas Best Value Inn-north Capital
AVwc9xRPByjofQCxkGiH,409,Economy Inn
AVweiNvCIN2L1WUf5181,306,Budget Inn
AVweNSZkIN2L1WUf27Ye,736,Microtel Inn & Suites By Wyndham Dickson City/scranton
AV1eUAKnIxWefVJwfdbu,737,Best Western Plus Swiss Chalet Hotel Suites
AVwcj-WOByjofQCxfpI1,141,Wyndham Garden-amarillo
AVwdxdJM_7pvs4fz9Iyg,447,Top Hat Motel
AVzBA2PM3D1zeR_xBET7,19,Aqua Waikiki Pearl
AVwddzTXIN2L1WUfwGRK,738,Super 8 Port Royal/beaufort
AVweVnO2kufWRAb5CDXL,739,Red Roof Inn Hardeeville
AVweGRPBkufWRAb5_-hv,730,Days Inn-jfk Airport
AVwcpwjo_7pvs4fzxffC,288,Magnuson Hotel Norfolk Airport
AVwdxO0qkufWRAb59Ft6,657,MainStay Suites
AVwcgNXgByjofQCxe8mD,253,Holiday Inn Express Marietta - Atlanta Northwest
AV0Z9NhT-gnIPe8DVrWO,740,Days Inn Suites Big Spring
AVwdP-nYByjofQCxnHF2,43,Extended Stay America Fort Worth - Southwest
AVweCDuDkufWRAb5_Z1N,741,Hampton Inn Houston Deer Park Ship Area
AVwczuhu_7pvs4fzzLiG,667,Sound Board
AVwcgS0L_7pvs4fzvyzi,742,Flamingo Suites
AVwdbokNkufWRAb552A2,743,Redwood Motel
AVwc_G8N_7pvs4fz1Drf,218,Motel 6 Scottsdale
AVwcxVRZkufWRAb5y2BN,744,Northwoods Resort
AVwdA8uskufWRAb51aP5,745,Best Western Grandma's Feather Bed
AVwci_qUIN2L1WUfmKNQ,746,Hampton Inn Oxford-West
AVwd2AlZ_7pvs4fz9w0L,747,Best Western Manhattan Inn
AVwdcoMXIN2L1WUfv6-B,748,Quality Inn
AVwdvAQP_7pvs4fz8xub,4,Hampton Inn Suites Kansas City-Country Club Plaza
AVwd7KfcByjofQCxttOJ,4,Comfort Suites Kansas City-Liberty
AVweKVYhkufWRAb5AiRW,749,Alicia's Eagle Rock Lodge
AVwcug9Q_7pvs4fzyTf5,750,Sleep Inn
AVwdYr0EIN2L1WUfvQ7x,407,Comfort Inn
AVwd6zYYkufWRAb5-ZPR,751,Sleep Inn
AVwdHqk9kufWRAb52gKu,657,Quality Inn Suites
AVwckX0nIN2L1WUfma_S,752,Rodeway Inn
AVwdnUivByjofQCxq2vk,472,Inn On The Bayou
AVwehrU8ByjofQCxzC3S,753,Park Plaza Motel
AV1th4WFRxPSIh2Rbf9f,746,Hampton Inn Oxford
AVwcrLZyByjofQCxg76W,193,Travelodge Cortez
AVwdRR0TByjofQCxnVeZ,754,Comfort Inn
AWE70Igw3-Khe5l_f-eW,45,Sleep Inn And Suites Danville
AVwcle8gIN2L1WUfmoHH,744,PVC at The Roundhouse Resort
AVwc7gsDkufWRAb50iL_,287,Best Western Pioneer Inn
AVwcxBWSIN2L1WUfop66,438,Best Western Ramkota Hotel
AV1Ts51FLD2H7whiaPkN,313,Primrose Motel
AVwc67ME_7pvs4fz0YVR,335,Ramada Mesa Phoenix East Area
AVwdbFoBIN2L1WUfvqbg,755,Hilton Garden Inn Wichita
AVwdfXNekufWRAb56Z8V,537,"Country Inn & Suites By Carlson, Ames, IA"
AVweL5CdByjofQCxwBUY,690,Lofts on Pearl
AVwdafbo_7pvs4fz5oo0,756,Econo Lodge South
AVwcjuNpIN2L1WUfmTHV,757,The Armstrong Hotel
AVwedHa5_7pvs4fzDIkG,758,Econo Lodge
AVweGHNYByjofQCxvOix,759,Best Western Gardens Hotel At Joshua Tree National Park
AVwcj90pByjofQCxfpCx,760,Barn Motor Inn
AVwebsFjIN2L1WUf43Xy,761,Friday Harbor Suites
AVwcqZ3LIN2L1WUfnf7-,762,Comfort Inn
AVwdOMTvIN2L1WUftfxd,669,Regency Inn Suites
AVwc5ZR8IN2L1WUfqE_6,763,Best Western Plus Stevens County Inn
AVwdBbMo_7pvs4fz1cH1,764,Econo Lodge
AVweHd8lIN2L1WUf2IG1,765,Circle B Motor Lodge
AWE7eL6LIxWefVJwyMFd,766,Hampton Inn Suites Sioux City/South
AVwdqDNv_7pvs4fz8DVi,767,Hilltop Motel
AVweNfSQIN2L1WUf29Gs,768,Days Inn Moose Lake
AV1tfpa83-Khe5l_Okjr,769,Grant House Hotel Eatery
AVwc4XA3IN2L1WUfp5qS,770,Quality Inn
AVwcfxRIIN2L1WUfllQe,771,Econo Lodge
AVwcgvkEkufWRAb5v9BO,772,Super 8 St Cloud
AVwePAUB_7pvs4fzBNqz,772,Quality Inn
AVweFwX2IN2L1WUf15Bx,608,Quality Inn
AVwdahWKIN2L1WUfvkQW,773,Days Inn Milledgeville
AVwdgSq2IN2L1WUfweSG,344,"Drury Inn Suites Jackson, MO"
AVwc03Tk_7pvs4fzzYKK,418,Drury Inn Suites Sikeston
AVwcrbYy_7pvs4fzxyKK,673,Econo Lodge
AVwdUKJdByjofQCxnzt8,774,Quality Inn
AVwdUA56ByjofQCxnyMd,635,Comfort Suites
AVwdEv8UkufWRAb52Cea,265,Econo Lodge Downtown
AVwdW-aS_7pvs4fz5Dro,639,Courtyard Gainesville
AVwcgF6_kufWRAb5v1hE,775,Kangaroo Lake Resort
AVwcfA0EkufWRAb5vo3B,555,Extended Stay America Washington D.C. - Fairfax
AV1thf33RxPSIh2Rbey9,776,Hampton Inn Roanoke/Hollins - I-81
AVwciZq-IN2L1WUfmDEw,475,Quality Inn Suites
AVwdQZikkufWRAb53-mA,237,Comfort Inn Ballston
AVwclYVOByjofQCxf6Ax,171,Econo Lodge Inn Suites
AVwdyY1akufWRAb59QM1,777,Hampton Inn Suites Greenville/Spartanburg I-85
AVwc2mYbIN2L1WUfpm8c,16,Hotel Galaxy
AVwdzZRj_7pvs4fz9ZsP,148,Rodeway Inn
AVwdhhar_7pvs4fz6u49,778,Super 8 Forney
AVweNBT6ByjofQCxwLZy,779,Comfort Suites
AVweSHCoIN2L1WUf3kki,780,Hampton Inn Suites California University-Pittsburgh
AVwdxxNYByjofQCxsad0,140,Best Western Plus Arlington North Hotel Suites
AVwdwXySByjofQCxsNWW,147,Hampton Inn Erie-South
AVwc4V22_7pvs4fzz8PT,416,Holiday Inn Express & Suites Bloomington
AVwd17LcByjofQCxs_a-,539,Courtyard Annapolis
AVwclphkIN2L1WUfmqLw,542,Ojai Rancho Inn
AVwdAqADkufWRAb51XJo,781,Northgate Motel
AVwcl6UkByjofQCxgAid,782,Rodeway Inn
AVwePRwmIN2L1WUf3MEt,783,Quality Inn And Suites
AVwdUl7HkufWRAb54rVG,784,Best Western Plus Kelly Inn Suites
AVwdM4A4IN2L1WUftRzm,785,Boulder Creek Lodge Montana
AVweN60a_7pvs4fzBEks,786,Best Western Paradise Inn
AVwcgawiByjofQCxe_BJ,787,Miles City Hotel Suites
AVwcholOkufWRAb5wHvY,787,Best Western War Bonnet Inn
AVwcg_FA_7pvs4fzv699,173,Quality Inn Suites
AVwdncSbByjofQCxq31y,782,Fairfield Inn Bozeman
AVwdNXu9IN2L1WUftXDZ,788,Prairie Winds Motel
AVwdCix9kufWRAb51q2n,789,Element Fargo
AWE7QGqd3-Khe5l_f1aN,790,Best Western Kelly Inn
AVweMx5m_7pvs4fzA6mZ,260,Comfort Inn
AVwdqAsJByjofQCxrRZ9,791,The Fargo Inn Suites
AVwemUd1kufWRAb5EbtL,792,Waldo Arms Hotel
AVwejXAEkufWRAb5EAnf,793,Comfort Inn
AVwcuFWbIN2L1WUfoI9y,794,Greybull Motel
AVwdfQaMkufWRAb56ZBj,794,Wheels Motel
AVwc_h_W_7pvs4fz1IFB,795,Sleep Inn Suites
AVwcgQ2mkufWRAb5v3Yr,520,Comfort Inn Evansville-Casper
AV1tg0O0IxWefVJwg_hX,426,Hilltop Motel
AVzoCJ-SFcQ3k02bCu4t,443,Ponderosa Lodge
AVwejuguIN2L1WUf6Eo4,443,Terrace Towers Lodge
AVwcih3fIN2L1WUfmEkG,521,Quality Inn
AVwdmUJzByjofQCxqs0x,796,Chalet Moosehead Lakefront Motel
AVweJdyHIN2L1WUf2Z8p,797,The Cabins At Pinehaven
AVwdzgUU_7pvs4fz9as9,798,Cotulla Motel
AV1eT2tx3-Khe5l_NHdo,799,Anglers Inn
AV1eTjxva4HuVbed6wwd,800,Comfort Inn Suites
AVwdeXZTByjofQCxpexg,44,Comfort Suites Alamo/River walk
AVz58fSi-gnIPe8DUnRl,44,Hampton Inn Suites San Antonio-Downtown/Market Square
AVwdmYcsIN2L1WUfxahW,801,Best Western Plus Burleson Inn Suites
AVwdiL2cIN2L1WUfwwW9,43,Residence Inn Fort Worth Cultural District
AVweh4-pkufWRAb5DyTv,802,Comfort Inn Suites
AVwemLkAkufWRAb5EaiN,803,Best Western Executive Inn
AVwduatUkufWRAb58rWL,134,Best Western Plus Springfield Airport Inn
AVwcngfikufWRAb5xLJA,804,Holiday Inn Express Hotel & Suites Defiance
AVwePN8GByjofQCxwdxr,121,"Country Inn & Suites By Carlson, Athens, Ga"
AVwdJiqJByjofQCxmAAq,333,Newark Garden Hotel
AVwdLbVWkufWRAb53HVw,580,Home2 Suites by Hilton Canton
AVwdqNIvIN2L1WUfyAk0,265,Fairfield Inn & Suites Louisville Downtown
AVweJGA-_7pvs4fzAZvg,238,TownePlace Suites Omaha West
AVwdaBl_IN2L1WUfve6C,728,Hampton Baltimore/White Marsh
AVwcrM15kufWRAb5xzll,805,Rodeway Inn
AVwdw5x6ByjofQCxsSDz,806,The Herrick Lodge
AV1fluZq3-Khe5l_NQfY,409,Comfort Inn Midtown
AVwde_7zByjofQCxpkZ_,636,Comfort Suites
AVwdco4EIN2L1WUfv7F0,661,Econo Lodge
AVweet8EkufWRAb5DUC9,100,Economy Inn
AVwc199IkufWRAb5zmWw,807,The Dunes On The Waterfront
AVwdKx0OkufWRAb53AHP,808,Nordic Lodge
AVwc8zcmkufWRAb50vRJ,809,Maple Leaf Motel
AVwclDt2ByjofQCxf2MW,447,Deer Trail Motel
AVwdO_hrkufWRAb53uR-,371,Americas Best Value Inn Suites Carrollton
AVwcq39qByjofQCxg4PG,810,Fairfield Inn Saginaw
AVwd3GcuByjofQCxtJND,475,Quality Inn North
AVwdMln9_7pvs4fz3SYO,811,Morristown Hotel Suites
AVwdNh3b_7pvs4fz3ci8,475,"Country Inn Suites By Carlson, Richmond I-95 South"
AVwdXptqkufWRAb55MHX,520,Le Merigot At Tropicana
AVwecLXEByjofQCxyOJN,812,Baymont Inn Suites Normal Bloomington
AVwdVHaLByjofQCxn93n,813,Econo Lodge
AVwcjZFVByjofQCxfiPJ,813,MainStay Suites
AVwdtGOAByjofQCxrvBc,4,Sheraton Kansas City Hotel at Crown Center
AVwcgD5KIN2L1WUfloPj,814,Fairfield Inn & Suites Spokane Downtown
AVwcpN3KByjofQCxgl4H,269,Wyndham Houston - Medical Center Hotel and Suites
AVwdXs1CIN2L1WUfvHA5,346,Red Lion Inn & Suites McMinnville
AVweQ0jG_7pvs4fzBdOy,278,Comfort Inn
AVwd6nz4ByjofQCxtopW,16,Courtyard Las Vegas Convention Center
AVwcj3bZIN2L1WUfmUrW,112,Best Western Cooper's Mill Hotel
AVwcjsLnByjofQCxfl0D,219,Hampton Inn & Suites St Louis at Forest Park
AVwdUDQhIN2L1WUfufoz,815,Blackwater Inn Milton
AVwcm8BqByjofQCxgMNw,816,Holiday Inn Express Ramsey-Mahwah
AVwcuIFlIN2L1WUfoJYt,817,"Country Inn & Suites By Carlson, Rocky Mount, NC"
AV0ZF_BK3D1zeR_xD615,818,Doubletree by Hilton Hotel Reading
AVwdYDlvIN2L1WUfvKsE,626,Shore Hotel
AVwc9QJoIN2L1WUfquoG,819,Mohican Motel
AVweTCvG_7pvs4fzBwvj,803,Hilton Garden Inn Columbus/Grove City
AVwekOWFkufWRAb5EJE9,820,Best Western Adena Inn
AVwc3IYSkufWRAb5zywY,821,TownePlace Suites Seattle Everett/Mukilteo
AVwdUCzsByjofQCxnyg3,212,SpringHill Suites Paso Robles Atascadero
AVwdcln_IN2L1WUfv6fs,479,Red Roof Inn Tallahassee
AVwdR-VR_7pvs4fz4N6s,822,Pine Cone Motel
AVwdIqa4IN2L1WUfsjxr,686,Viking Motel
AV1thiDE3-Khe5l_OwIo,823,Travel Inn
AVweScCQ_7pvs4fzBrYa,725,Econo Lodge
AVwemhxrIN2L1WUf6d-H,269,Courtyard Houston Hobby Airport
AVwc4Kx9ByjofQCxjKhe,824,Quality Inn
AVwdFDxLkufWRAb52Fqm,825,Economy Inn
AVwdLK44ByjofQCxmRk9,693,Red Roof Inn Salem
AVwdBGY8IN2L1WUfrV71,826,Courtyard By Marriott Montvale
AVwd6dBSByjofQCxtnAI,827,Days Inn Wheelersburg Portsmouth
AVwdATBeIN2L1WUfrNqv,828,"Red Roof Inn Hagerstown Williamsport,"
AVwdAylcIN2L1WUfrSdZ,321,Hotel Nichols
AVwc6PA1kufWRAb50UpC,350,Holiday Inn Hotel & Suites Tampa North-busch Gardens Area
AVwdFBBAByjofQCxlSDZ,829,Orcas Suites At Rosario
AVwdZ1ZHIN2L1WUfvdFu,830,Best Western Radford Inn
AVwdl53PIN2L1WUfxVsK,69,Red Roof Inn Rockford
AVwdUmntIN2L1WUfuldh,831,Courtyard Oakland Airport
AVwdFU74_7pvs4fz2FjM,832,Celina Motel
AVwc9CkdIN2L1WUfqsfz,833,Motel 6 Mason
AVwdpG8dIN2L1WUfx1ku,319,Comfort Inn Suites
AVwc3RCu_7pvs4fzzw5t,660,Budget Inn
AVwc140q_7pvs4fzziCB,626,Sea Shore Motel
AVwegGrq_7pvs4fzDlvK,95,Comfort Suites Airport
AV0aVd_HLD2H7whiZf0N,311,Super 8 Anderson
AVwc4Z7qIN2L1WUfp6Kv,13,Best Western Plus Hawthorne Terrace Hotel
AVwdX54iIN2L1WUfvJPW,834,Best Western Designer Inn & Suites
AV1eTzDua4HuVbed6xdm,835,Comfort Inn Corydon
AVwejMbEkufWRAb5D_BS,115,Hotel Damici Ristorante
AVwcwnzr_7pvs4fzyqea,725,SpringHill Suites Chesapeake Greenbrier
AVwd9tomByjofQCxuElg,836,Travelodge Inn And Suites Gardena CA
AVwehkkIkufWRAb5DvVT,263,Days Inn Fayetteville
AVwdi6wZ_7pvs4fz68lI,837,Relax Inn
AVweRrTuIN2L1WUf3g0r,838,The Green Tree Inn
AVwd8zO8_7pvs4fz-sVz,575,Hampton Inn Bedford
AVwdC0JZkufWRAb51tvP,839,Ramada Platte City KCI Airport
AVwcnnlA_7pvs4fzxIHx,840,Paola Best Western Htl
AVwdV3-D_7pvs4fz43p7,182,Hampton Inn & Suites Woodstock Va
AVwdcVLrkufWRAb559k2,347,Theater Motel
AVwc6o7hkufWRAb50Y9Z,11,Hampton Inn & Suites Rosemont Chicago O'hare
AVwdIFXTIN2L1WUfseQO,339,"The Siena Hotel, Autograph Collection"
AVwczMKx_7pvs4fzzGNS,841,Baymont Inn & Suites Boone
AVwd0UlI_7pvs4fz9iNt,842,Red Roof Inn Flint-bishop Airport
AVwdUgZoByjofQCxn3a3,537,Days Inn Ames
AV1eTGPGa4HuVbed6vEI,843,Apple Tree Inn
AVwc4ASCIN2L1WUfp2HV,85,El Toro Motel
AVwdlvhPIN2L1WUfxT4z,294,Comfort Suites
AVwcyzL2IN2L1WUfo9OK,844,Econo Lodge
AVweEY5PkufWRAb5_uXF,845,Residence Inn Macon
AVwd4AwpByjofQCxtQ1B,846,Argosy Casino Hotel Spa
AVwc56TA_7pvs4fz0NdI,847,Quality Inn Suites
AVwebDxxIN2L1WUf4xWe,546,Hampton Inn Suites Lansing West
AVwcjA-mByjofQCxfdji,30,SpringHill Suites Atlanta Buckhead
AVweSl1nkufWRAb5BpSv,848,Ponderosa Motel
AV1thYQqIxWefVJwhCq5,849,Quality Inn Suites At Olympic National Park
AVwd8u3IByjofQCxt7iv,44,Hyatt Place San Antonio-Northwest/Medical Center
AVwd8lkCkufWRAb5-ovy,850,Ramada Costa Mesa/Newport Beach
AVwd6H96ByjofQCxtj6e,750,Econo Lodge
AVwc5kWBIN2L1WUfqHFe,851,Motel 6 Lawrence Ks
AVweEIzaIN2L1WUf1rPT,852,Log Cabin Motel
AVwc-wvKkufWRAb51DD3,853,Americas Best Value Inn - Greeley/Evans
AVwdptatkufWRAb57_Vx,319,Best Western Empire Towers
AVweX4IhByjofQCxxoUD,450,Hampton Inn Suites Oklahoma City Airport
AVwc1q6iIN2L1WUfpc6x,854,Days Inn Princeton
AVwd8LKkByjofQCxt2bv,855,Rodeway Inn Suites
AVweNJ6YIN2L1WUf26XW,281,Dolphyn Motel
AVwcrIvnByjofQCxg7XT,214,Best Western Markland Hotel
AVwdH0qjIN2L1WUfsbtC,856,Quality Inn & Suites
AVwdPxoPByjofQCxnEpc,857,Birchwood Motel
AVwci7u9kufWRAb5wW_w,447,Indian Trail Motel
AVwd5Ep5kufWRAb5-KTd,858,Hampton Inn Bremen-I-20 (Carrollton Area)
AVwdME-MIN2L1WUftJCa,859,Pilot House Inn
AVwdEhRPkufWRAb51__P,860,Hampton Inn Waynesboro/Stuarts Draft
AVwd9-b__7pvs4fz-3Lo,407,Quality Inn Suites
AVwchAIHIN2L1WUflybT,776,Best Western Plus Inn at Valley View
AVwd56QJkufWRAb5-Rlk,861,Econo Lodge
AVwd8O2IkufWRAb5-lof,861,Hampton Inn Suites Lynchburg
AVwc6K4B_7pvs4fz0QVw,862,M-Star Cedar City
AVwdGjCeIN2L1WUfsOyu,863,The Wilderness Inn
AVweY87ykufWRAb5CfPN,864,Tall Winds Motel
AVweCH9H_7pvs4fz_cp3,865,Best Western Skyline Motor Lodge
AVwc95mPByjofQCxkH5E,866,Klondike Motel
AVwczYHRkufWRAb5zLo3,266,Comfort Inn North
AVwdrmkuByjofQCxrhQ_,266,Courtyard by Marriott Medford Airport
AVwdVX_-kufWRAb54zqj,131,Wild River Inn
AVwdFaMvByjofQCxlVxe,852,Rodeway Inn
AVweC4uK_7pvs4fz_jw_,100,Hilton Garden Inn Jacksonville Downtown Southbank
AVwdSsYXkufWRAb54XOJ,867,Huddle Bay Motel Cottages
AV1th1nJIxWefVJwhEJj,868,Quality Inn
AVwdNTvW_7pvs4fz3aW1,869,Comfort Inn
AVwdgZzEByjofQCxpydr,870,Laura Lodge
AVwcnatSByjofQCxgRWn,871,Gateway Inn
AVwdruEyByjofQCxriTe,872,Best Western Beacon Inn
AVwcpk6xIN2L1WUfnXBN,873,Americas Best Value Inn Mackinaw City
AVwc5DdcIN2L1WUfqBcg,620,Crossland Economy Studios Shreveport - Bossier City
AVwc6R4-ByjofQCxjhyS,874,Hampton Inn Memphis/Southaven
AVwdfryv_7pvs4fz6cj_,875,Quality Inn
AVwdnweuIN2L1WUfxn_p,50,Comfort Inn Lucky Lane
AVwc5Jjt_7pvs4fz0Flg,308,Sleep Inn
AVweQCf9IN2L1WUf3S5l,852,America's Best Value Inn
AVwci4LJIN2L1WUfmI3N,876,Teal Point Resort
AVwdsyjikufWRAb58c4a,690,Klondike Ranch
AVwdcEKL_7pvs4fz56WS,589,Residence Inn Nashville Brentwood
AVwclMBaByjofQCxf3th,319,Holiday Inn Express & Suites Sioux Falls At Empire Mall
AVwdBWqF_7pvs4fz1bVz,349,Wyndham Garden San Jose Silicon Valley
AVwd5cg-_7pvs4fz-O7r,877,Residence Inn Tysons Corner
AV1tgf5nIxWefVJwg9W3,878,Residence Inn Cincinnati Airport
AWB2c3w1a4HuVbedJ8gL,475,Red Roof Inn - Richmond South
AVweHpjLkufWRAb5AKz5,879,Tokeland Hotel
AV1tg9hD3-Khe5l_OtaK,880,Radisson Hotel Freehold
AVwcth-hIN2L1WUfoDDW,324,Quality Inn
AVwckrzgIN2L1WUfmej7,881,The Cedars Motel
AVwdso0wByjofQCxrqzS,882,The Bay Motel
AVwdbTmHIN2L1WUfvs0L,561,The Bunkhouse Inn
AVwdHxRlIN2L1WUfsbLF,883,Sunrise Inn
AVweCJCoByjofQCxusEc,884,Sonoran Suites of San Diego
AVwd-d94IN2L1WUf047o,159,Milwaukee Airport Inn
AVwd-iRekufWRAb5-6uD,885,Microtel Inn by Wyndham Henrietta/Rochester
AVwcglyFByjofQCxfA1m,34,Microtel Inn & Suites Orlando (Universal Studios)
AVwd_M1-_7pvs4fz_Cib,886,Little Creel Resort
AVwdd0UIkufWRAb56L_a,887,Lake Pleasant Lodge
AWB2m-qm3-Khe5l_cVmM,693,La Quinta Inn Roanoke Salem
AVweU_-rkufWRAb5B93h,642,La Fon Motel
AVwdyngyIN2L1WUfzPtS,888,La Conner Country Inn
AV1tiFF63-Khe5l_OxpE,889,Downsville Motel
AVwcfVPF_7pvs4fzvn9R,890,"Jensen's ""On the Gulf"""
AVwd69mm_7pvs4fz-cEZ,891,Courtyard Seattle Federal Way
AV6a8cTwIxWefVJwqvv4,549,The London West Hollywood at Beverly Hills
AVwdkIHeIN2L1WUfxD0o,258,Courtyard Newport News Airport
AVwd5MP2ByjofQCxtblL,892,Courtyard Rockaway-Mt. Arlington
AVzoElk_-gnIPe8DT7CH,893,Courtyard Cleveland Beachwood
AV1c2L3Aa4HuVbed5hnF,163,Courtyard by Marriott Westbury Long Island
AVwdAo5w_7pvs4fz1T3w,894,Comfort Suites
AVwcpCpt_7pvs4fzxXw0,895,Best Western Silver Fox Inn
AV1eSw2K3-Khe5l_NEJM,896,Best Western Sawmill Inn
AVwdZ9a8_7pvs4fz5jLp,478,Caboose Motel
AVwdqueOIN2L1WUfyFlr,204,Carroll House
AVweOQzokufWRAb5BEFj,743,SpringHill Suites Phoenix Chandler/Fashion Center
AV1eTVLfa4HuVbed6v61,897,Best Western Plus Williston Hotel & Suites
AVwc7mVnByjofQCxjwJZ,898,Baymont Inn & Suites Pueblo
AWEKmguXRxPSIh2Rrh4r,899,Americas Best Value Inn
AVwcioGEIN2L1WUfmF2z,117,Americas Best Value Inn - Executive Suite Airport
AVwdRcg_kufWRAb54KIh,900,Culver Cove Resort
AVweWiy6kufWRAb5CK9f,901,Hostelling International Truro
AVwdEQ_i_7pvs4fz16ZU,902,Bear Creek Lodge
AVweY-gk_7pvs4fzCjdi,903,Inn Der Bach Resort
AVwdfibV_7pvs4fz6bKn,904,Indian Lodge
AVwedwDLIN2L1WUf5K9-,905,Holliday inn Folly Beach
AVwds2jfkufWRAb58dgU,21,Hollywood Inn Express South
AV0v_OlQLD2H7whiZv_5,906,Hampton Inn Ashtabula
AVwdVj1eByjofQCxoCf8,550,Harbor Resort
AVwdLl_SByjofQCxmWo9,134,Hampton Inn Springfield
AV0aI23wFcQ3k02bEoYo,134,Hampton Inn Springfield South
AV0Z9NhtFcQ3k02bEj2u,740,Hampton Inn & Suites Big Spring
AVwcwt3ZIN2L1WUfomUi,907,Grand Coulee Center Lodge
AVwc3Cv_ByjofQCxi-sH,95,Hampton Inn Columbus/South-Fort Benning
AVwcf14lByjofQCxe5Er,352,Motel 6 Norfolk
AVwdhhJP_7pvs4fz6u1m,908,Hampton Inn Suites Blythe
AVwdAXQMByjofQCxkg93,909,Americas Best Value Inn
AVwdjT8ckufWRAb57AZm,910,Ramona Lake Cabins
AVwc6pA3kufWRAb50Y-l,911,Country Vintage Inn
AVwejnobkufWRAb5EDV8,912,Clubhouse Oakbrook Inn & Suites
AVwejek7_7pvs4fzEGfs,913,My Place Suites
AVweP9-2IN2L1WUf3SRI,52,Comfort Suites
AVwdcK7I_7pvs4fz57Qv,914,Cobblestone Hotel Suites
AVweXbTmIN2L1WUf4STM,693,Salem Motel
AVwdaFddIN2L1WUfvfi6,45,Best Western Danville Inn
AVwcuoay_7pvs4fzyUk4,915,Park Lane Motel
AVwdDHwjByjofQCxk99T,344,Days Inn Jackson
AVwc3lf-kufWRAb5z3_N,916,Quality Inn Suites
AVwdm9yoByjofQCxqzbY,917,Econo Lodge
AVweOJlEByjofQCxwU4T,918,Best Western Mt. Vernon Inn
AV1eUGWzRxPSIh2RZ6CZ,919,Best Western Marble Falls Inn
AVweBokS_7pvs4fz_YJ2,552,Hampton Inn Suites Lavonia
AVwc83FykufWRAb50v4c,872,Bluewater Inn And Suites
AVwdspn9ByjofQCxrq7r,431,Clevedale Historic Inn And Gardens
AVwdTz_0_7pvs4fz4hYe,920,Hampton Inn & Suites Rochester/Victor
AVwcnusNByjofQCxgVKG,921,Best Western The Inn At Rochester Airport
AVwcjnE8kufWRAb5we1x,922,Econo Lodge
AVwd-KFckufWRAb5-3Gs,109,Blue Haven Motor Court
AVwdAvuJIN2L1WUfrSA6,445,Best Western Fort Lauderdale Airport/Cruise Port
AVweOrbz_7pvs4fzBLCK,333,Red Roof Plus+ Wilmington - Newark
AVwcu-YOkufWRAb5ycEC,923,Best Western Plus Eau Claire Conference Center
AV1tgk9i3-Khe5l_Oq36,843,Hampton Inn Indianola
AVwdKzRHkufWRAb53ATl,784,Econo Lodge
AVwdEJ47IN2L1WUfr2te,784,"My Place Hotel-Billings, MT"
AVwc9_IUByjofQCxkI2N,924,Fairfield Inn Great Falls
AVweT38g_7pvs4fzB3oY,925,Wilderness Lodge
AVwch1yXByjofQCxfPO7,926,Red Cedar Lodge
AVwc_oDC_7pvs4fz1JSv,927,Extended Stay America Destin - US 98 - Emerald Coast Pkwy.
AVwciVr4kufWRAb5wQRk,762,Hampton Inn Lacrosse/Onalaska
AVweEflb_7pvs4fz_xiB,194,Hampton Inn Orange City
AV1eTNWV3-Khe5l_NFXP,928,Americas Best Value Inn Suburban Motel
AVwcnURaIN2L1WUfm9M5,766,New Victorian Inn Suites Sioux City
AVwdUtmQByjofQCxn5nB,82,Courtyard Indianapolis Castleton
AVweWSoMIN2L1WUf4Ia6,293,Hampton Inn & Suites Grand Rapids Downtown
AVweBsLZIN2L1WUf1VmW,353,SpringHill Suites Naples
AVzj4ARrFcQ3k02bClGt,929,Cedar Falls Motel
AVwdTAuO_7pvs4fz4ZRE,930,Hampton Inn Suites Springdale
AVwdiJBp_7pvs4fz603a,931,Best Western Of Hope
AVweCSRe_7pvs4fz_d_D,683,Park Place Inn
AVweetE9ByjofQCxymeX,932,Ramada Limited - Port Allen
AVweEGK3IN2L1WUf1q4c,46,Days Inn Kokopelli Sedona
AVwdKKpiByjofQCxmGmA,933,Scotty's Motel
AVwePM5c_7pvs4fzBPRS,474,Fairfield Inn and Suites Ashland
AVwedqSb_7pvs4fzDNmB,263,Hilton Garden Inn Fayetteville
AVwce2Mi_7pvs4fzvh1U,934,Fairfield Inn and Suites North Platte
AVweKrF8_7pvs4fzAnxs,447,Trails End Motel
AVwdJEx8kufWRAb52t2p,314,Courtyard Chicago Deerfield
AVwdb2TPByjofQCxpFwT,725,Comfort Inn & Suites
AVwef6iIByjofQCxyyMK,935,Turner Falls Inn
AV1flynma4HuVbed66sW,936,Crossland Economy Studios Tacoma - Puyallup
AVwd4encByjofQCxtVBh,937,Heritage Inn
AVwdo1c0ByjofQCxrFpl,938,Budget Inn
AVwdQdH8_7pvs4fz39NN,938,Quality Inn
AVwdxBZ4kufWRAb59Do2,939,Larkspur Landing Renton
AV5Z9iNcRxPSIh2RjJ-v,940,Red Roof Inn & Suites Muskegon Heights
AVweGf8YkufWRAb5AAev,941,Hampton Inn & Suites Tampa Northwest/oldsmar
AVwdI8IG_7pvs4fz2p3a,70,Austin Motel
AVwdmfCq_7pvs4fz7fzs,942,Best Western Fostoria Inn Suites
AVwdEeMTkufWRAb51_df,70,South Congress Hotel
AVwdWJtQIN2L1WUfu2X7,103,Famous Shores Motel
AVwdfEPTByjofQCxpk_E,943,Best Western Canal Winchester Inn - Columbus South East
AVwdP-kE_7pvs4fz335P,944,Foothills Motel
AVwdj_8FIN2L1WUfxCf1,6,Days Inn Perry Near Fairgrounds
AVwdNApbIN2L1WUftTMk,945,Microtel Inn Suites by Wyndham Prairie du Chien
AVwc5u3HByjofQCxjbvH,473,Rodeway Inn
AVwcnosC_7pvs4fzxIW9,350,Chase Suite Hotel Tampa
AVwdHWh8kufWRAb52czl,340,Best Western Plus Executive Suites
AVweODHuByjofQCxwUBx,946,Crescent Suites & Hotel
AVweWHMbIN2L1WUf4G8H,947,Pelican Post Motel
AVwdLK4ikufWRAb53EKT,327,Hilton Garden Inn Harrisburg East
AVwcjB0S_7pvs4fzwTam,948,Granby Motel
AVwejVzQ_7pvs4fzEE-j,949,Hampton Inn & Suites Indianapolis/brownsburg
AVweiOv3IN2L1WUf52GS,921,Comfort Inn Suites West - Medical Center
AVwdms1L_7pvs4fz7iCm,827,Comfort Inn
AVwdM8EOByjofQCxmlWu,950,Americas Best Value Inn Clear Lake
AVweEl_IkufWRAb5_v-l,514,Best Western Mt. Pleasant Inn
AVwdBQ7sByjofQCxkqax,187,Econo Lodge Inn Suites
AVwcw2tT_7pvs4fzys5x,766,Quality Inn Suites
AVwdGpIjkufWRAb52Vet,951,Stonersville Hotel
AVwdgx7y_7pvs4fz6nah,952,Best Western Plus Deridder Inn & Suites
AVwdE09W_7pvs4fz2Ah9,953,Super 8 Crawfordsville
AVwdPyYCByjofQCxnEzt,813,Best Western Cantebury Inn & Suites
AVweX4tvkufWRAb5CWZA,954,Best Western Plus Lake County Inn & Suites
AVwdBupYkufWRAb51iUK,706,Comfort Suites Kings Bay Naval Base Area
AVwc4FrxByjofQCxjJsS,449,Comfort Inn Suites Savannah Airport
AVwcjWXGByjofQCxfhsx,955,Working Girls Hotel
AVweLDv__7pvs4fzArHN,956,Tyee Motel
AVwebGZ2kufWRAb5Cxfs,716,Rodeway Inn Suites
AVwc3iwLkufWRAb5z3a8,957,Golden West Motel
AVwd3ST_kufWRAb596Sp,958,Sunshine Inn
AVwcfwU6IN2L1WUfllJS,346,Best Western Tree City Inn
AVwchQgvByjofQCxfIJY,959,Yakutat Lodge
AVwdbAUYIN2L1WUfvpoH,133,Quality Inn Suites Airport
AVwcydgrIN2L1WUfo5e4,266,Econo Lodge Inn Suites Central
AVwc8ZYIByjofQCxj4ti,114,Extended Stay America Charlotte - Pineville - Pineville Matthews Rd.
AVwcg8X-_7pvs4fzv6c4,960,Mountain View Hotel
AVwdvb98kufWRAb580xX,961,Comfort Inn Traverse City
AVwedKLUkufWRAb5DEzN,962,Relax Inn
AVwdbrLrkufWRAb552du,963,Ramada Plaza Albany
AVwdiI4k_7pvs4fz6013,52,Pioneer Motel and Cottages
AVwcoeRtIN2L1WUfnKXF,679,Economy Inn
AVwdRL-jByjofQCxnUmO,964,Marquee Suites
AVwc8iv1_7pvs4fz0pPO,524,Hotel Stebbins
AVwc6p2DIN2L1WUfqTIg,723,North Star Lodge
AVwecGMaByjofQCxyNSO,965,Lyndon Motor Lodge
AVwdZ3LO_7pvs4fz5iKN,966,Jen's Motel
AVwcz4HEIN2L1WUfpJOP,967,Western Skies Motor Inn
AVwditu0_7pvs4fz66oo,968,The Eleven Inn
AVweWUHakufWRAb5CJFL,969,Bryce Canyon Motel
AVwdXmLw_7pvs4fz5KVd,29,Hilton Garden Inn Phoenix Airport
AVwdPsyBkufWRAb532b2,947,Island Time Inn
AVweDfpkkufWRAb5_mr_,970,My Place Hotel-pasco Wa
AVweFm3I_7pvs4fz_7Hu,971,Lamplight Motel
AVwd_PAVIN2L1WUf0_v7,232,Sunset Motel
AVwcuaVJkufWRAb5yWBw,147,Wingate By Wyndham Erie
AVwcmpdjkufWRAb5xBI5,972,Chateau Mar Beach Resort
AVwcpbnUkufWRAb5xf9I,386,Western Motel
AVwc5iSZIN2L1WUfqGpg,534,Baymont Inn & Suites Goodlettsville
AVwcpqjJ_7pvs4fzxeee,261,Red Roof Inn Dayton North Airport
AVwdogRjByjofQCxrCe9,973,Royal Motel
AVwc2UTzIN2L1WUfpjyU,458,Holiday Inn Express & Suites Lakeland North - I-4
AVweLt2CByjofQCxv_z8,974,Inn At Turning Stone Casino
AV1eS84ia4HuVbed6uqW,133,Best Western Sunland Park Inn
AVwefn0lIN2L1WUf5dOq,975,Best Western-edgewater Inn
AVweE3AI_7pvs4fz_0iG,972,Atlantic Cove
AVwcpYgy_7pvs4fzxbZZ,50,Ramada Flagstaff East
AVwds1X4ByjofQCxrskC,976,Red Mill Inn
AVwc_Or5ByjofQCxkVYc,977,Fieldhouse Inn
AVweWw5jIN2L1WUf4Mgx,447,Diamond Hotel
AVwdpQVj_7pvs4fz77D7,978,Gateway Lodge
AVwc9s5wkufWRAb504CD,113,Relax Inn Altoona
AVwdmiPGByjofQCxqvFW,979,Holiday Inn Express White House
AVwcqTprkufWRAb5xpQD,963,Best Western Plus-prairie Inn
AVwefFAJkufWRAb5DXfO,26,Best Western Dallas Inn & Suites
AVweCHqUIN2L1WUf1Zlj,506,Budget Inn Express-grand Forks
AVwdsAlbIN2L1WUfySgQ,224,Thunderbird Motel
AVwcgJuLByjofQCxe8Af,30,Hampton Inn Atlanta-cumberland Mall/nw
AVwedE-AIN2L1WUf5Eji,782,Ramada Bozeman
AVwd6ZvD_7pvs4fz-XZ2,496,Ramada Urbana/champaign
AVwd_sfHByjofQCxuVyK,256,Best Western Plus Independence Inn & Suites
AVwdjTj2_7pvs4fz7ATC,12,Baymont Inn & Suites Celebration
AVwdkDuP_7pvs4fz7H-Z,95,Microtel Inn Suites by Wyndham Columbus/Near Fort Benning
AVwdXjyV_7pvs4fz5J6n,12,High Point World Resort
AVwdQ23e_7pvs4fz4CI-,980,Econo Lodge
AVweZd_8ByjofQCxx1xO,12,Baymont Inn & Suites Kissimmee
AVwczQY9_7pvs4fzzG0M,981,Mainstay Suites
AVweeQx7_7pvs4fzDTn7,611,Best Western Airport Inn
AVwczYNXIN2L1WUfpDor,918,Best Western Plus Skagit Valley Inn and Convention Center
AVwclzm4IN2L1WUfmsNN,189,Quality Inn Suites
AVwdVlVNIN2L1WUfuv2g,553,Koloa Landing Resort
AVwc2oVH_7pvs4fzzp_D,982,Pomaika'i Lucky Farm BB
AVwdVETiByjofQCxn9Vz,983,Falls Motel
AVwciwtb_7pvs4fzwQbk,30,Le Meridien Atlanta Perimeter
AV1tgSS_3-Khe5l_Oo_Q,984,Kafka's Resort
AVweNWDy_7pvs4fzA_Zj,985,Blue Harbor Resort
AVwdu0Vh_7pvs4fz8v7G,986,Super 8 Vandalia/dayton International Airport
AVwdM1o1_7pvs4fz3VO8,134,Baymont Inn & Suites Springfield
AVwcrhPy_7pvs4fzxzN3,987,Wisconsin -Aire Motel
AVwcpdJEIN2L1WUfnVvk,874,Comfort Suites
AVwduO_tByjofQCxr5Q9,186,Thompson's Motel Inc
AVwclgmkkufWRAb5w0B4,854,"Country Inn Suites By Carlson, Princeton, WV"
AVwdO9ow_7pvs4fz3sFg,988,Kiowa Motel
AVwc-sD2IN2L1WUfq9BD,852,Best Western Plus Midwest Inn Suites
AVweFhzX_7pvs4fz_6aX,876,Crooked Hook Resort
AVwdhaD_ByjofQCxp8Ff,989,The Hideout Lodge Guest Ranch
AVwckhgvIN2L1WUfmcyZ,684,Comfort Suites Redmond Airport
AVwdkZON_7pvs4fz7LES,990,Econo Lodge
AVwecRCQkufWRAb5C8lN,991,Indianhead Motel
AVwefkLpIN2L1WUf5csY,991,Americas Best Value Inn
AVwcfx4KByjofQCxe4YR,486,West Street Hotel
AVwdFZz6_7pvs4fz2GR2,129,Oxford Hotel
AVwd-tg4ByjofQCxuNg4,921,Towpath Motel
AVwcxwHqkufWRAb5y6eL,170,Ocean Breeze Motel
AVwdXrDyByjofQCxoZt5,333,Red Roof Inn & Suites Newark-university
AVwcu5r4_7pvs4fzyXc5,992,Holiday Inn Express & Suites Houston Space Ctr - Clear Lake
AVweH9mjIN2L1WUf2M8b,993,Buccaneer Beach Motel
AVwcuo0eIN2L1WUfoPEk,481,Hampton Inn Lexington Medical Center
AVwdGlW_ByjofQCxlh1Q,994,Motel 6 Cave City Ky
AVwctB6FByjofQCxhQOK,995,Hampton Inn Horse Cave
AVwc6ndVByjofQCxjlhg,243,Americas Best Value Inn
AVweGu-NIN2L1WUf2Bve,316,Budget Inn
AVwdKmVNByjofQCxmLae,996,Parkview Motel
AVz3ZO-6LD2H7whiYJt9,408,The Joy Motel
AVwd7jjp_7pvs4fz-hWr,376,Americas Best Value Inn Texarkana
AVwctBJzkufWRAb5yHSB,615,Springhill Suites Cincinnati Midtown
AVwcwjxb_7pvs4fzypzm,38,Red Roof Inn Durham-duke University Medical Center
AVwc3IOzIN2L1WUfpsrn,784,Western Inn Motel
AVwdnk8DByjofQCxq5QQ,285,Hawthorn Suites By Wyndham Tyler
AVweZVHJkufWRAb5Cihr,417,Hilton Garden Inn Charlotte Pineville
AVweW1cfIN2L1WUf4NPl,567,Red Roof Inn Boardman
AVwdLRGWByjofQCxmSwQ,38,Homewood Suites By Hilton Raleigh-durham Ap/research Triangle
AVwdkDeyByjofQCxqWDs,340,Cinnamon Morning Bed & Breakfast
AVweEv4N_7pvs4fz_znl,997,Baymont Inn & Suites Bridgeport/frankenmuth
AVwdo7qA_7pvs4fz73x2,808,Bluffside Motel
AVwd0oJekufWRAb59jyK,998,Royal Palm Motel
AVwdHCVR_7pvs4fz2W6e,303,Hawthorn Suites By Wyndham Oshkosh
AVwdDBHkByjofQCxk81L,999,La Quinta Inn Mcallen
AVwdnzQxkufWRAb57sZn,256,Comfort Suites-independence
AVwdp_SbIN2L1WUfx-UO,818,Days Inn Reading Wyomissing
AVwcez7uIN2L1WUflaaT,266,Ramada Medford Hotel And Conference Center
AVwciNfNByjofQCxfT0U,16,Residence Inn By Marriott Las Vegas South
AVwd2UjzkufWRAb59x-k,227,The Sea Lion Motel
AVwchkDGByjofQCxfL3V,1000,Holiday Inn Express & Suites Frankenmuth
AVwcx_kXByjofQCxiH4A,1001,Days Inn Maui Oceanfront
AVwchrgQ_7pvs4fzwDjw,123,Howard Johnson Express Inn-beckley
AVwee2pBByjofQCxyn7J,1002,Days Inn & Suites Spokane Airport Airway Heights
AVweD0WxkufWRAb5_pfZ,28,The Roosevelt Hotel
AVwdZANLIN2L1WUfvUeh,1003,Mamaroneck Motel
AVwdO8_m_7pvs4fz3r-1,1004,Days Inn & Suites Logan
AVwdmE-MByjofQCxqqV1,13,Hampton Inn Chicago Downtown/N Loop/Michigan Ave
AVwektT2kufWRAb5ENbs,407,Budget Host Inn
AVweAcN3ByjofQCxuchu,1005,Lake Allatoona Inn
AVwehcBPByjofQCxzAgl,1006,Emerald Isle Hotel
AVwekISWByjofQCxzazT,569,Wyndham Garden Elk Grove Village/o'hare
AVweP3PH_7pvs4fzBVEk,758,Baymont Inn & Suites Crestview
AVweKSfvIN2L1WUf2hec,891,Hampton Inn & Suites Seattle/federal Way
AV1fldKOIxWefVJwfjqX,1007,Best Western Tolleson Hotel
AVwd0qGcIN2L1WUfzh2y,167,Fairfield Inn and Suites Asheboro
AV1b9aye-gnIPe8DXEvo,1008,Courtyard Richland Columbia Point
AWCACkxFa4HuVbedJ_Az,1009,Days Inn & Suites Trinidad
AVwdkcM1IN2L1WUfxG34,1010,Courtyard Boston Marlborough
AVwdfegEkufWRAb56a_N,945,"Country Inn & Suites By Carlson, Prairie du Chien"
AVweW6CVkufWRAb5COOK,166,Courtyard Santa Fe
AVwedlM6_7pvs4fzDM1V,1011,Circle D Motel
AVwdWKXVIN2L1WUfu2f0,690,Blue Gables Motel
AVwddCJ5_7pvs4fz6EEg,1012,Candlelight Inn Bed & Breakfast
AVwcl7j8kufWRAb5w5Fr,1013,Cannon Mountain View Motel
AVwdAgJo_7pvs4fz1SiX,1014,Brewster By The Sea
AVweSTPxIN2L1WUf3mT4,1015,Budget Inn Motel
AVwcipE1IN2L1WUfmGE1,1016,Budget Inn
AVwdy5fJIN2L1WUfzST5,1017,Best Western Pinedale Inn
AVwegsSIkufWRAb5Dm7z,1018,Birch Bay Get Away
AWCACesxIxWefVJwvFDm,1019,Best Western Continental Inn
AVwdDZWXkufWRAb510Ab,755,Best Western Governors Inn & Suites
AVwdrRT__7pvs4fz8PwS,743,Best Western Inn of Chandler
AVwc1O06_7pvs4fzzbzB,2,Six South St Hotel
AVweL0q1kufWRAb5Au6K,473,SpringHill Suites Boise
AVwd4TMv_7pvs4fz-Ers,1020,Silver Sands Oceanfront Motel
AVwdRp4DIN2L1WUfuGZZ,1021,Sandy Neck Motel
AVwd1TbkByjofQCxs6FH,53,Shilo Inn Suites - Coeur d'Alene
AVwdHbizIN2L1WUfsXto,344,Scottish Inn
AVwddMfdIN2L1WUfwAue,117,Royal Suite Lodge
